timestamp,load_label,pod,cpu_m,ram_mi
20:35:53,idle,adservice-574bff445c-6mj7s,4,288
20:35:53,idle,cartservice-7c84fdfb6-m5m6d,7,177
20:35:53,idle,checkoutservice-5b6d96c9b7-45rkr,1,38
20:35:53,idle,currencyservice-7c8fc8fc9c-4hm9g,15,122
20:35:53,idle,emailservice-66944ff59-2lcjl,4,94
20:35:53,idle,frontend-7bd6f45654-s2s7z,14,52
20:35:53,idle,paymentservice-9bfb7bf5-kgd56,1,107
20:35:53,idle,productcatalogservice-65bbf699df-7w28t,1,20
20:35:53,idle,productcatalogservice-65bbf699df-j2fmg,6,43
20:35:53,idle,productcatalogservice-65bbf699df-qntf5,1,19
20:35:53,idle,recommendationservice-7444754ff5-n8cbh,11,81
20:35:53,idle,redis-cart-c8ff86559-kcf44,3,36
20:35:53,idle,shippingservice-f956b6d9f-w7n4b,1,32
20:36:03,25u,adservice-574bff445c-6mj7s,6,288
20:36:03,25u,cartservice-7c84fdfb6-m5m6d,10,177
20:36:03,25u,checkoutservice-5b6d96c9b7-45rkr,1,38
20:36:03,25u,currencyservice-7c8fc8fc9c-4hm9g,24,122
20:36:03,25u,emailservice-66944ff59-2lcjl,4,94
20:36:03,25u,frontend-7bd6f45654-s2s7z,22,52
20:36:03,25u,paymentservice-9bfb7bf5-kgd56,3,107
20:36:03,25u,productcatalogservice-65bbf699df-7w28t,1,20
20:36:03,25u,productcatalogservice-65bbf699df-j2fmg,10,43
20:36:03,25u,productcatalogservice-65bbf699df-qntf5,1,19
20:36:03,25u,recommendationservice-7444754ff5-n8cbh,16,81
20:36:03,25u,redis-cart-c8ff86559-kcf44,4,36
20:36:03,25u,shippingservice-f956b6d9f-w7n4b,2,32
20:36:13,25u,adservice-574bff445c-6mj7s,26,288
20:36:13,25u,cartservice-7c84fdfb6-m5m6d,53,177
20:36:13,25u,checkoutservice-5b6d96c9b7-45rkr,11,38
20:36:13,25u,currencyservice-7c8fc8fc9c-4hm9g,101,123
20:36:13,25u,emailservice-66944ff59-2lcjl,7,94
20:36:13,25u,frontend-7bd6f45654-s2s7z,125,53
20:36:13,25u,paymentservice-9bfb7bf5-kgd56,5,107
20:36:13,25u,productcatalogservice-65bbf699df-7w28t,1,20
20:36:13,25u,productcatalogservice-65bbf699df-j2fmg,58,44
20:36:13,25u,productcatalogservice-65bbf699df-qntf5,1,19
20:36:13,25u,recommendationservice-7444754ff5-n8cbh,94,82
20:36:13,25u,redis-cart-c8ff86559-kcf44,5,36
20:36:13,25u,shippingservice-f956b6d9f-w7n4b,10,32
20:36:23,25u,adservice-574bff445c-6mj7s,26,288
20:36:23,25u,cartservice-7c84fdfb6-m5m6d,53,177
20:36:23,25u,checkoutservice-5b6d96c9b7-45rkr,11,38
20:36:23,25u,currencyservice-7c8fc8fc9c-4hm9g,101,123
20:36:23,25u,emailservice-66944ff59-2lcjl,7,94
20:36:23,25u,frontend-7bd6f45654-s2s7z,125,53
20:36:23,25u,paymentservice-9bfb7bf5-kgd56,5,107
20:36:23,25u,productcatalogservice-65bbf699df-7w28t,1,20
20:36:23,25u,productcatalogservice-65bbf699df-j2fmg,58,44
20:36:23,25u,productcatalogservice-65bbf699df-qntf5,1,19
20:36:23,25u,recommendationservice-7444754ff5-n8cbh,94,82
20:36:23,25u,redis-cart-c8ff86559-kcf44,5,36
20:36:23,25u,shippingservice-f956b6d9f-w7n4b,10,32
20:36:33,25u,adservice-574bff445c-6mj7s,28,288
20:36:33,25u,cartservice-7c84fdfb6-m5m6d,65,177
20:36:33,25u,checkoutservice-5b6d96c9b7-45rkr,11,38
20:36:33,25u,currencyservice-7c8fc8fc9c-4hm9g,104,123
20:36:33,25u,emailservice-66944ff59-2lcjl,8,94
20:36:33,25u,frontend-7bd6f45654-s2s7z,129,52
20:36:33,25u,paymentservice-9bfb7bf5-kgd56,6,107
20:36:33,25u,productcatalogservice-65bbf699df-7w28t,1,20
20:36:33,25u,productcatalogservice-65bbf699df-j2fmg,59,43
20:36:33,25u,productcatalogservice-65bbf699df-qntf5,1,19
20:36:33,25u,recommendationservice-7444754ff5-n8cbh,98,81
20:36:33,25u,redis-cart-c8ff86559-kcf44,5,36
20:36:33,25u,shippingservice-f956b6d9f-w7n4b,10,31
20:36:43,25u,adservice-574bff445c-6mj7s,27,288
20:36:43,25u,cartservice-7c84fdfb6-m5m6d,59,177
20:36:43,25u,checkoutservice-5b6d96c9b7-45rkr,10,38
20:36:43,25u,currencyservice-7c8fc8fc9c-4hm9g,106,125
20:36:43,25u,emailservice-66944ff59-2lcjl,7,94
20:36:43,25u,frontend-7bd6f45654-s2s7z,133,53
20:36:43,25u,paymentservice-9bfb7bf5-kgd56,5,107
20:36:43,25u,productcatalogservice-65bbf699df-7w28t,1,20
20:36:43,25u,productcatalogservice-65bbf699df-j2fmg,61,44
20:36:43,25u,productcatalogservice-65bbf699df-qntf5,1,19
20:36:43,25u,recommendationservice-7444754ff5-n8cbh,102,81
20:36:43,25u,redis-cart-c8ff86559-kcf44,5,36
20:36:43,25u,shippingservice-f956b6d9f-w7n4b,11,32
20:36:54,25u,adservice-574bff445c-6mj7s,27,288
20:36:54,25u,cartservice-7c84fdfb6-m5m6d,59,177
20:36:54,25u,checkoutservice-5b6d96c9b7-45rkr,10,38
20:36:54,25u,currencyservice-7c8fc8fc9c-4hm9g,106,125
20:36:54,25u,emailservice-66944ff59-2lcjl,7,94
20:36:54,25u,frontend-7bd6f45654-s2s7z,133,53
20:36:54,25u,paymentservice-9bfb7bf5-kgd56,5,107
20:36:54,25u,productcatalogservice-65bbf699df-7w28t,1,20
20:36:54,25u,productcatalogservice-65bbf699df-j2fmg,61,44
20:36:54,25u,productcatalogservice-65bbf699df-qntf5,1,19
20:36:54,25u,recommendationservice-7444754ff5-n8cbh,102,81
20:36:54,25u,redis-cart-c8ff86559-kcf44,5,36
20:36:54,25u,shippingservice-f956b6d9f-w7n4b,11,32
20:37:04,25u,adservice-574bff445c-6mj7s,29,288
20:37:04,25u,cartservice-7c84fdfb6-m5m6d,58,177
20:37:04,25u,checkoutservice-5b6d96c9b7-45rkr,10,38
20:37:04,25u,currencyservice-7c8fc8fc9c-4hm9g,117,124
20:37:04,25u,emailservice-66944ff59-2lcjl,7,94
20:37:04,25u,frontend-7bd6f45654-s2s7z,140,53
20:37:04,25u,paymentservice-9bfb7bf5-kgd56,5,107
20:37:04,25u,productcatalogservice-65bbf699df-7w28t,1,20
20:37:04,25u,productcatalogservice-65bbf699df-j2fmg,64,44
20:37:04,25u,productcatalogservice-65bbf699df-qntf5,1,19
20:37:04,25u,recommendationservice-7444754ff5-n8cbh,105,81
20:37:04,25u,redis-cart-c8ff86559-kcf44,5,36
20:37:04,25u,shippingservice-f956b6d9f-w7n4b,11,31
20:37:14,25u,adservice-574bff445c-6mj7s,30,288
20:37:14,25u,cartservice-7c84fdfb6-m5m6d,76,177
20:37:14,25u,checkoutservice-5b6d96c9b7-45rkr,15,38
20:37:14,25u,currencyservice-7c8fc8fc9c-4hm9g,129,125
20:37:14,25u,emailservice-66944ff59-2lcjl,9,94
20:37:14,25u,frontend-7bd6f45654-s2s7z,157,53
20:37:14,25u,paymentservice-9bfb7bf5-kgd56,7,107
20:37:14,25u,productcatalogservice-65bbf699df-7w28t,1,20
20:37:14,25u,productcatalogservice-65bbf699df-j2fmg,71,43
20:37:14,25u,productcatalogservice-65bbf699df-qntf5,1,19
20:37:14,25u,recommendationservice-7444754ff5-n8cbh,118,81
20:37:14,25u,redis-cart-c8ff86559-kcf44,6,36
20:37:14,25u,shippingservice-f956b6d9f-w7n4b,14,32
20:37:24,25u,adservice-574bff445c-6mj7s,30,288
20:37:24,25u,cartservice-7c84fdfb6-m5m6d,76,177
20:37:24,25u,checkoutservice-5b6d96c9b7-45rkr,15,38
20:37:24,25u,currencyservice-7c8fc8fc9c-4hm9g,129,125
20:37:24,25u,emailservice-66944ff59-2lcjl,9,94
20:37:24,25u,frontend-7bd6f45654-s2s7z,157,53
20:37:24,25u,paymentservice-9bfb7bf5-kgd56,7,107
20:37:24,25u,productcatalogservice-65bbf699df-7w28t,1,20
20:37:24,25u,productcatalogservice-65bbf699df-j2fmg,71,43
20:37:24,25u,productcatalogservice-65bbf699df-qntf5,1,19
20:37:24,25u,recommendationservice-7444754ff5-n8cbh,118,81
20:37:24,25u,redis-cart-c8ff86559-kcf44,6,36
20:37:24,25u,shippingservice-f956b6d9f-w7n4b,14,32
20:37:34,25u,adservice-574bff445c-6mj7s,32,288
20:37:34,25u,cartservice-7c84fdfb6-m5m6d,75,177
20:37:34,25u,checkoutservice-5b6d96c9b7-45rkr,14,38
20:37:34,25u,currencyservice-7c8fc8fc9c-4hm9g,134,126
20:37:34,25u,emailservice-66944ff59-2lcjl,9,94
20:37:34,25u,frontend-7bd6f45654-s2s7z,158,53
20:37:34,25u,paymentservice-9bfb7bf5-kgd56,7,108
20:37:34,25u,productcatalogservice-65bbf699df-7w28t,1,21
20:37:34,25u,productcatalogservice-65bbf699df-j2fmg,72,44
20:37:34,25u,productcatalogservice-65bbf699df-qntf5,1,19
20:37:34,25u,recommendationservice-7444754ff5-n8cbh,117,81
20:37:34,25u,redis-cart-c8ff86559-kcf44,6,36
20:37:34,25u,shippingservice-f956b6d9f-w7n4b,14,32
20:37:44,25u,adservice-574bff445c-6mj7s,32,287
20:37:44,25u,cartservice-7c84fdfb6-m5m6d,76,177
20:37:44,25u,checkoutservice-5b6d96c9b7-45rkr,15,38
20:37:44,25u,currencyservice-7c8fc8fc9c-4hm9g,128,125
20:37:44,25u,emailservice-66944ff59-2lcjl,9,94
20:37:44,25u,frontend-7bd6f45654-s2s7z,158,53
20:37:44,25u,paymentservice-9bfb7bf5-kgd56,7,108
20:37:44,25u,productcatalogservice-65bbf699df-7w28t,1,21
20:37:44,25u,productcatalogservice-65bbf699df-j2fmg,72,44
20:37:44,25u,productcatalogservice-65bbf699df-qntf5,1,19
20:37:44,25u,recommendationservice-7444754ff5-n8cbh,120,81
20:37:44,25u,redis-cart-c8ff86559-kcf44,6,36
20:37:44,25u,shippingservice-f956b6d9f-w7n4b,14,32
20:37:55,25u,adservice-574bff445c-6mj7s,32,287
20:37:55,25u,cartservice-7c84fdfb6-m5m6d,76,177
20:37:55,25u,checkoutservice-5b6d96c9b7-45rkr,15,38
20:37:55,25u,currencyservice-7c8fc8fc9c-4hm9g,128,125
20:37:55,25u,emailservice-66944ff59-2lcjl,9,94
20:37:55,25u,frontend-7bd6f45654-s2s7z,158,53
20:37:55,25u,paymentservice-9bfb7bf5-kgd56,7,108
20:37:55,25u,productcatalogservice-65bbf699df-7w28t,1,21
20:37:55,25u,productcatalogservice-65bbf699df-j2fmg,72,44
20:37:55,25u,productcatalogservice-65bbf699df-qntf5,1,19
20:37:55,25u,recommendationservice-7444754ff5-n8cbh,120,81
20:37:55,25u,redis-cart-c8ff86559-kcf44,6,36
20:37:55,25u,shippingservice-f956b6d9f-w7n4b,14,32
20:38:05,25u,adservice-574bff445c-6mj7s,33,287
20:38:05,25u,cartservice-7c84fdfb6-m5m6d,78,177
20:38:05,25u,checkoutservice-5b6d96c9b7-45rkr,15,38
20:38:05,25u,currencyservice-7c8fc8fc9c-4hm9g,131,125
20:38:05,25u,emailservice-66944ff59-2lcjl,9,94
20:38:05,25u,frontend-7bd6f45654-s2s7z,159,53
20:38:05,25u,paymentservice-9bfb7bf5-kgd56,7,108
20:38:05,25u,productcatalogservice-65bbf699df-7w28t,1,21
20:38:05,25u,productcatalogservice-65bbf699df-j2fmg,73,44
20:38:05,25u,productcatalogservice-65bbf699df-qntf5,1,19
20:38:05,25u,recommendationservice-7444754ff5-n8cbh,121,81
20:38:05,25u,redis-cart-c8ff86559-kcf44,6,36
20:38:05,25u,shippingservice-f956b6d9f-w7n4b,14,32
20:38:15,25u,adservice-574bff445c-6mj7s,32,288
20:38:15,25u,cartservice-7c84fdfb6-m5m6d,64,177
20:38:15,25u,checkoutservice-5b6d96c9b7-45rkr,12,38
20:38:15,25u,currencyservice-7c8fc8fc9c-4hm9g,123,125
20:38:15,25u,emailservice-66944ff59-2lcjl,8,94
20:38:15,25u,frontend-7bd6f45654-s2s7z,150,53
20:38:15,25u,paymentservice-9bfb7bf5-kgd56,6,108
20:38:15,25u,productcatalogservice-65bbf699df-7w28t,1,21
20:38:15,25u,productcatalogservice-65bbf699df-j2fmg,68,43
20:38:15,25u,productcatalogservice-65bbf699df-qntf5,1,19
20:38:15,25u,recommendationservice-7444754ff5-n8cbh,112,81
20:38:15,25u,redis-cart-c8ff86559-kcf44,6,36
20:38:15,25u,shippingservice-f956b6d9f-w7n4b,12,32
20:38:25,25u,adservice-574bff445c-6mj7s,32,288
20:38:25,25u,cartservice-7c84fdfb6-m5m6d,64,177
20:38:25,25u,checkoutservice-5b6d96c9b7-45rkr,12,38
20:38:25,25u,currencyservice-7c8fc8fc9c-4hm9g,123,125
20:38:25,25u,emailservice-66944ff59-2lcjl,8,94
20:38:25,25u,frontend-7bd6f45654-s2s7z,150,53
20:38:25,25u,paymentservice-9bfb7bf5-kgd56,6,108
20:38:25,25u,productcatalogservice-65bbf699df-7w28t,1,21
20:38:25,25u,productcatalogservice-65bbf699df-j2fmg,68,43
20:38:25,25u,productcatalogservice-65bbf699df-qntf5,1,19
20:38:25,25u,recommendationservice-7444754ff5-n8cbh,112,81
20:38:25,25u,redis-cart-c8ff86559-kcf44,6,36
20:38:25,25u,shippingservice-f956b6d9f-w7n4b,12,32
20:38:35,25u,adservice-574bff445c-6mj7s,26,288
20:38:35,25u,cartservice-7c84fdfb6-m5m6d,64,177
20:38:35,25u,checkoutservice-5b6d96c9b7-45rkr,11,38
20:38:35,25u,currencyservice-7c8fc8fc9c-4hm9g,102,123
20:38:35,25u,emailservice-66944ff59-2lcjl,8,94
20:38:35,25u,frontend-7bd6f45654-s2s7z,126,53
20:38:35,25u,paymentservice-9bfb7bf5-kgd56,5,108
20:38:35,25u,productcatalogservice-65bbf699df-7w28t,1,21
20:38:35,25u,productcatalogservice-65bbf699df-j2fmg,58,44
20:38:35,25u,productcatalogservice-65bbf699df-qntf5,1,19
20:38:35,25u,recommendationservice-7444754ff5-n8cbh,95,81
20:38:35,25u,redis-cart-c8ff86559-kcf44,6,36
20:38:35,25u,shippingservice-f956b6d9f-w7n4b,11,32
20:38:45,25u,adservice-574bff445c-6mj7s,1,288
20:38:45,25u,cartservice-7c84fdfb6-m5m6d,3,177
20:38:45,25u,checkoutservice-5b6d96c9b7-45rkr,1,38
20:38:45,25u,currencyservice-7c8fc8fc9c-4hm9g,2,123
20:38:45,25u,emailservice-66944ff59-2lcjl,4,94
20:38:45,25u,frontend-7bd6f45654-s2s7z,1,53
20:38:45,25u,paymentservice-9bfb7bf5-kgd56,1,108
20:38:45,25u,productcatalogservice-65bbf699df-7w28t,1,21
20:38:45,25u,productcatalogservice-65bbf699df-j2fmg,1,44
20:38:45,25u,productcatalogservice-65bbf699df-qntf5,1,19
20:38:45,25u,recommendationservice-7444754ff5-n8cbh,4,81
20:38:45,25u,redis-cart-c8ff86559-kcf44,3,36
20:38:45,25u,shippingservice-f956b6d9f-w7n4b,1,32
20:38:55,25u,adservice-574bff445c-6mj7s,1,288
20:38:55,25u,cartservice-7c84fdfb6-m5m6d,3,177
20:38:55,25u,checkoutservice-5b6d96c9b7-45rkr,1,38
20:38:55,25u,currencyservice-7c8fc8fc9c-4hm9g,2,123
20:38:55,25u,emailservice-66944ff59-2lcjl,4,94
20:38:55,25u,frontend-7bd6f45654-s2s7z,1,53
20:38:55,25u,paymentservice-9bfb7bf5-kgd56,1,108
20:38:55,25u,productcatalogservice-65bbf699df-7w28t,1,21
20:38:55,25u,productcatalogservice-65bbf699df-j2fmg,1,44
20:38:55,25u,productcatalogservice-65bbf699df-qntf5,1,19
20:38:55,25u,recommendationservice-7444754ff5-n8cbh,4,81
20:38:55,25u,redis-cart-c8ff86559-kcf44,3,36
20:38:55,25u,shippingservice-f956b6d9f-w7n4b,1,32
20:39:05,25u,adservice-574bff445c-6mj7s,2,288
20:39:05,25u,cartservice-7c84fdfb6-m5m6d,2,177
20:39:05,25u,checkoutservice-5b6d96c9b7-45rkr,1,38
20:39:05,25u,currencyservice-7c8fc8fc9c-4hm9g,1,123
20:39:05,25u,emailservice-66944ff59-2lcjl,4,94
20:39:05,25u,frontend-7bd6f45654-s2s7z,1,53
20:39:05,25u,paymentservice-9bfb7bf5-kgd56,1,108
20:39:05,25u,productcatalogservice-65bbf699df-7w28t,1,21
20:39:05,25u,productcatalogservice-65bbf699df-j2fmg,1,44
20:39:05,25u,productcatalogservice-65bbf699df-qntf5,1,19
20:39:05,25u,recommendationservice-7444754ff5-n8cbh,5,81
20:39:05,25u,redis-cart-c8ff86559-kcf44,3,36
20:39:05,25u,shippingservice-f956b6d9f-w7n4b,1,32
20:39:16,25u,adservice-574bff445c-6mj7s,2,287
20:39:16,25u,cartservice-7c84fdfb6-m5m6d,3,177
20:39:16,25u,checkoutservice-5b6d96c9b7-45rkr,1,38
20:39:16,25u,currencyservice-7c8fc8fc9c-4hm9g,2,123
20:39:16,25u,emailservice-66944ff59-2lcjl,5,94
20:39:16,25u,frontend-7bd6f45654-s2s7z,1,53
20:39:16,25u,paymentservice-9bfb7bf5-kgd56,2,108
20:39:16,25u,productcatalogservice-65bbf699df-7w28t,1,21
20:39:16,25u,productcatalogservice-65bbf699df-j2fmg,1,44
20:39:16,25u,productcatalogservice-65bbf699df-qntf5,1,19
20:39:16,25u,recommendationservice-7444754ff5-n8cbh,4,81
20:39:16,25u,redis-cart-c8ff86559-kcf44,3,36
20:39:16,25u,shippingservice-f956b6d9f-w7n4b,1,32
20:39:26,50u,adservice-574bff445c-6mj7s,2,287
20:39:26,50u,cartservice-7c84fdfb6-m5m6d,3,177
20:39:26,50u,checkoutservice-5b6d96c9b7-45rkr,1,38
20:39:26,50u,currencyservice-7c8fc8fc9c-4hm9g,2,123
20:39:26,50u,emailservice-66944ff59-2lcjl,5,94
20:39:26,50u,frontend-7bd6f45654-s2s7z,1,53
20:39:26,50u,paymentservice-9bfb7bf5-kgd56,2,108
20:39:26,50u,productcatalogservice-65bbf699df-7w28t,1,21
20:39:26,50u,productcatalogservice-65bbf699df-j2fmg,1,44
20:39:26,50u,productcatalogservice-65bbf699df-qntf5,1,19
20:39:26,50u,recommendationservice-7444754ff5-n8cbh,4,81
20:39:26,50u,redis-cart-c8ff86559-kcf44,3,36
20:39:26,50u,shippingservice-f956b6d9f-w7n4b,1,32
20:39:36,50u,adservice-574bff445c-6mj7s,5,287
20:39:36,50u,cartservice-7c84fdfb6-m5m6d,7,177
20:39:36,50u,checkoutservice-5b6d96c9b7-45rkr,1,38
20:39:36,50u,currencyservice-7c8fc8fc9c-4hm9g,9,123
20:39:36,50u,emailservice-66944ff59-2lcjl,4,94
20:39:36,50u,frontend-7bd6f45654-s2s7z,9,52
20:39:36,50u,paymentservice-9bfb7bf5-kgd56,1,108
20:39:36,50u,productcatalogservice-65bbf699df-7w28t,1,21
20:39:36,50u,productcatalogservice-65bbf699df-j2fmg,4,44
20:39:36,50u,productcatalogservice-65bbf699df-qntf5,1,19
20:39:36,50u,recommendationservice-7444754ff5-n8cbh,8,81
20:39:36,50u,redis-cart-c8ff86559-kcf44,4,36
20:39:36,50u,shippingservice-f956b6d9f-w7n4b,1,32
20:39:46,50u,adservice-574bff445c-6mj7s,37,287
20:39:46,50u,cartservice-7c84fdfb6-m5m6d,75,177
20:39:46,50u,checkoutservice-5b6d96c9b7-45rkr,15,38
20:39:46,50u,currencyservice-7c8fc8fc9c-4hm9g,148,126
20:39:46,50u,emailservice-66944ff59-2lcjl,9,94
20:39:46,50u,frontend-7bd6f45654-s2s7z,165,54
20:39:46,50u,paymentservice-9bfb7bf5-kgd56,7,108
20:39:46,50u,productcatalogservice-65bbf699df-7w28t,1,21
20:39:46,50u,productcatalogservice-65bbf699df-j2fmg,77,44
20:39:46,50u,productcatalogservice-65bbf699df-qntf5,1,19
20:39:46,50u,recommendationservice-7444754ff5-n8cbh,122,81
20:39:46,50u,redis-cart-c8ff86559-kcf44,9,36
20:39:46,50u,shippingservice-f956b6d9f-w7n4b,14,32
20:39:56,50u,adservice-574bff445c-6mj7s,37,287
20:39:56,50u,cartservice-7c84fdfb6-m5m6d,75,177
20:39:56,50u,checkoutservice-5b6d96c9b7-45rkr,15,38
20:39:56,50u,currencyservice-7c8fc8fc9c-4hm9g,148,126
20:39:56,50u,emailservice-66944ff59-2lcjl,9,94
20:39:56,50u,frontend-7bd6f45654-s2s7z,165,54
20:39:56,50u,paymentservice-9bfb7bf5-kgd56,7,108
20:39:56,50u,productcatalogservice-65bbf699df-7w28t,1,21
20:39:56,50u,productcatalogservice-65bbf699df-j2fmg,77,44
20:39:56,50u,productcatalogservice-65bbf699df-qntf5,1,19
20:39:56,50u,recommendationservice-7444754ff5-n8cbh,122,81
20:39:56,50u,redis-cart-c8ff86559-kcf44,9,36
20:39:56,50u,shippingservice-f956b6d9f-w7n4b,14,32
20:40:06,50u,adservice-574bff445c-6mj7s,45,288
20:40:06,50u,cartservice-7c84fdfb6-m5m6d,88,179
20:40:06,50u,checkoutservice-5b6d96c9b7-45rkr,20,38
20:40:06,50u,currencyservice-7c8fc8fc9c-4hm9g,145,125
20:40:06,50u,emailservice-66944ff59-2lcjl,11,94
20:40:06,50u,frontend-7bd6f45654-s2s7z,176,52
20:40:06,50u,paymentservice-9bfb7bf5-kgd56,8,108
20:40:06,50u,productcatalogservice-65bbf699df-7w28t,1,21
20:40:06,50u,productcatalogservice-65bbf699df-j2fmg,84,44
20:40:06,50u,productcatalogservice-65bbf699df-qntf5,1,19
20:40:06,50u,recommendationservice-7444754ff5-n8cbh,170,81
20:40:06,50u,redis-cart-c8ff86559-kcf44,7,36
20:40:06,50u,shippingservice-f956b6d9f-w7n4b,17,32
20:40:17,50u,adservice-574bff445c-6mj7s,29,288
20:40:17,50u,cartservice-7c84fdfb6-m5m6d,60,178
20:40:17,50u,checkoutservice-5b6d96c9b7-45rkr,9,38
20:40:17,50u,currencyservice-7c8fc8fc9c-4hm9g,110,126
20:40:17,50u,emailservice-66944ff59-2lcjl,6,94
20:40:17,50u,frontend-7bd6f45654-s2s7z,130,53
20:40:17,50u,paymentservice-9bfb7bf5-kgd56,5,108
20:40:17,50u,productcatalogservice-65bbf699df-7w28t,1,21
20:40:17,50u,productcatalogservice-65bbf699df-j2fmg,59,44
20:40:17,50u,productcatalogservice-65bbf699df-qntf5,1,19
20:40:17,50u,recommendationservice-7444754ff5-n8cbh,97,81
20:40:17,50u,redis-cart-c8ff86559-kcf44,5,36
20:40:17,50u,shippingservice-f956b6d9f-w7n4b,10,32
20:40:27,50u,adservice-574bff445c-6mj7s,49,288
20:40:27,50u,cartservice-7c84fdfb6-m5m6d,82,177
20:40:27,50u,checkoutservice-5b6d96c9b7-45rkr,22,38
20:40:27,50u,currencyservice-7c8fc8fc9c-4hm9g,153,124
20:40:27,50u,emailservice-66944ff59-2lcjl,12,94
20:40:27,50u,frontend-7bd6f45654-s2s7z,189,54
20:40:27,50u,paymentservice-9bfb7bf5-kgd56,9,108
20:40:27,50u,productcatalogservice-65bbf699df-7w28t,1,21
20:40:27,50u,productcatalogservice-65bbf699df-j2fmg,90,44
20:40:27,50u,productcatalogservice-65bbf699df-qntf5,1,19
20:40:27,50u,recommendationservice-7444754ff5-n8cbh,180,81
20:40:27,50u,redis-cart-c8ff86559-kcf44,7,36
20:40:27,50u,shippingservice-f956b6d9f-w7n4b,19,32
20:40:37,50u,adservice-574bff445c-6mj7s,49,288
20:40:37,50u,cartservice-7c84fdfb6-m5m6d,82,177
20:40:37,50u,checkoutservice-5b6d96c9b7-45rkr,22,38
20:40:37,50u,currencyservice-7c8fc8fc9c-4hm9g,153,124
20:40:37,50u,emailservice-66944ff59-2lcjl,12,94
20:40:37,50u,frontend-7bd6f45654-s2s7z,189,54
20:40:37,50u,paymentservice-9bfb7bf5-kgd56,9,108
20:40:37,50u,productcatalogservice-65bbf699df-7w28t,1,21
20:40:37,50u,productcatalogservice-65bbf699df-j2fmg,90,44
20:40:37,50u,productcatalogservice-65bbf699df-qntf5,1,19
20:40:37,50u,recommendationservice-7444754ff5-n8cbh,180,81
20:40:37,50u,redis-cart-c8ff86559-kcf44,7,36
20:40:37,50u,shippingservice-f956b6d9f-w7n4b,19,32
20:40:47,50u,adservice-574bff445c-6mj7s,52,289
20:40:47,50u,cartservice-7c84fdfb6-m5m6d,74,177
20:40:47,50u,checkoutservice-5b6d96c9b7-45rkr,19,38
20:40:47,50u,currencyservice-7c8fc8fc9c-4hm9g,157,126
20:40:47,50u,emailservice-66944ff59-2lcjl,11,94
20:40:47,50u,frontend-7bd6f45654-s2s7z,183,54
20:40:47,50u,paymentservice-9bfb7bf5-kgd56,8,108
20:40:47,50u,productcatalogservice-65bbf699df-7w28t,2,21
20:40:47,50u,productcatalogservice-65bbf699df-j2fmg,84,43
20:40:47,50u,productcatalogservice-65bbf699df-qntf5,1,19
20:40:47,50u,recommendationservice-7444754ff5-n8cbh,170,81
20:40:47,50u,redis-cart-c8ff86559-kcf44,7,36
20:40:47,50u,shippingservice-f956b6d9f-w7n4b,16,32
20:40:58,50u,adservice-574bff445c-6mj7s,48,289
20:40:58,50u,cartservice-7c84fdfb6-m5m6d,76,177
20:40:58,50u,checkoutservice-5b6d96c9b7-45rkr,20,38
20:40:58,50u,currencyservice-7c8fc8fc9c-4hm9g,155,126
20:40:58,50u,emailservice-66944ff59-2lcjl,10,94
20:40:58,50u,frontend-7bd6f45654-s2s7z,186,54
20:40:58,50u,paymentservice-9bfb7bf5-kgd56,8,108
20:40:58,50u,productcatalogservice-65bbf699df-7w28t,1,21
20:40:58,50u,productcatalogservice-65bbf699df-j2fmg,88,43
20:40:58,50u,productcatalogservice-65bbf699df-qntf5,1,19
20:40:58,50u,recommendationservice-7444754ff5-n8cbh,179,82
20:40:58,50u,redis-cart-c8ff86559-kcf44,7,36
20:40:58,50u,shippingservice-f956b6d9f-w7n4b,18,32
20:41:08,50u,adservice-574bff445c-6mj7s,48,289
20:41:08,50u,cartservice-7c84fdfb6-m5m6d,76,177
20:41:08,50u,checkoutservice-5b6d96c9b7-45rkr,20,38
20:41:08,50u,currencyservice-7c8fc8fc9c-4hm9g,155,126
20:41:08,50u,emailservice-66944ff59-2lcjl,10,94
20:41:08,50u,frontend-7bd6f45654-s2s7z,186,54
20:41:08,50u,paymentservice-9bfb7bf5-kgd56,8,108
20:41:08,50u,productcatalogservice-65bbf699df-7w28t,1,21
20:41:08,50u,productcatalogservice-65bbf699df-j2fmg,88,43
20:41:08,50u,productcatalogservice-65bbf699df-qntf5,1,19
20:41:08,50u,recommendationservice-7444754ff5-n8cbh,179,82
20:41:08,50u,redis-cart-c8ff86559-kcf44,7,36
20:41:08,50u,shippingservice-f956b6d9f-w7n4b,18,32
20:41:18,50u,adservice-574bff445c-6mj7s,57,289
20:41:18,50u,cartservice-7c84fdfb6-m5m6d,83,178
20:41:18,50u,checkoutservice-5b6d96c9b7-45rkr,22,38
20:41:18,50u,currencyservice-7c8fc8fc9c-4hm9g,162,126
20:41:18,50u,emailservice-66944ff59-2lcjl,11,94
20:41:18,50u,frontend-7bd6f45654-s2s7z,196,54
20:41:18,50u,paymentservice-9bfb7bf5-kgd56,9,108
20:41:18,50u,productcatalogservice-65bbf699df-7w28t,1,21
20:41:18,50u,productcatalogservice-65bbf699df-j2fmg,95,44
20:41:18,50u,productcatalogservice-65bbf699df-qntf5,1,19
20:41:18,50u,recommendationservice-7444754ff5-n8cbh,194,81
20:41:18,50u,redis-cart-c8ff86559-kcf44,7,36
20:41:18,50u,shippingservice-f956b6d9f-w7n4b,19,32
20:41:28,50u,adservice-574bff445c-6mj7s,52,289
20:41:28,50u,cartservice-7c84fdfb6-m5m6d,96,177
20:41:28,50u,checkoutservice-5b6d96c9b7-45rkr,19,38
20:41:28,50u,currencyservice-7c8fc8fc9c-4hm9g,165,126
20:41:28,50u,emailservice-66944ff59-2lcjl,10,95
20:41:28,50u,frontend-7bd6f45654-s2s7z,197,54
20:41:28,50u,paymentservice-9bfb7bf5-kgd56,8,108
20:41:28,50u,productcatalogservice-65bbf699df-7w28t,1,21
20:41:28,50u,productcatalogservice-65bbf699df-j2fmg,94,44
20:41:28,50u,productcatalogservice-65bbf699df-qntf5,1,19
20:41:28,50u,recommendationservice-7444754ff5-n8cbh,193,81
20:41:28,50u,redis-cart-c8ff86559-kcf44,7,36
20:41:28,50u,shippingservice-f956b6d9f-w7n4b,19,32
20:41:38,50u,adservice-574bff445c-6mj7s,52,289
20:41:38,50u,cartservice-7c84fdfb6-m5m6d,96,177
20:41:38,50u,checkoutservice-5b6d96c9b7-45rkr,19,38
20:41:38,50u,currencyservice-7c8fc8fc9c-4hm9g,165,126
20:41:38,50u,emailservice-66944ff59-2lcjl,10,95
20:41:38,50u,frontend-7bd6f45654-s2s7z,197,54
20:41:38,50u,paymentservice-9bfb7bf5-kgd56,8,108
20:41:38,50u,productcatalogservice-65bbf699df-7w28t,1,21
20:41:38,50u,productcatalogservice-65bbf699df-j2fmg,94,44
20:41:38,50u,productcatalogservice-65bbf699df-qntf5,1,19
20:41:38,50u,recommendationservice-7444754ff5-n8cbh,193,81
20:41:38,50u,redis-cart-c8ff86559-kcf44,7,36
20:41:38,50u,shippingservice-f956b6d9f-w7n4b,19,32
20:41:48,50u,adservice-574bff445c-6mj7s,55,288
20:41:48,50u,cartservice-7c84fdfb6-m5m6d,97,177
20:41:48,50u,checkoutservice-5b6d96c9b7-45rkr,21,38
20:41:48,50u,currencyservice-7c8fc8fc9c-4hm9g,166,126
20:41:48,50u,emailservice-66944ff59-2lcjl,11,94
20:41:48,50u,frontend-7bd6f45654-s2s7z,198,54
20:41:48,50u,paymentservice-9bfb7bf5-kgd56,9,108
20:41:48,50u,productcatalogservice-65bbf699df-7w28t,1,21
20:41:48,50u,productcatalogservice-65bbf699df-j2fmg,93,43
20:41:48,50u,productcatalogservice-65bbf699df-qntf5,1,19
20:41:48,50u,recommendationservice-7444754ff5-n8cbh,194,81
20:41:48,50u,redis-cart-c8ff86559-kcf44,7,36
20:41:48,50u,shippingservice-f956b6d9f-w7n4b,19,32
20:41:59,50u,adservice-574bff445c-6mj7s,48,288
20:41:59,50u,cartservice-7c84fdfb6-m5m6d,77,177
20:41:59,50u,checkoutservice-5b6d96c9b7-45rkr,18,38
20:41:59,50u,currencyservice-7c8fc8fc9c-4hm9g,145,126
20:41:59,50u,emailservice-66944ff59-2lcjl,9,94
20:41:59,50u,frontend-7bd6f45654-s2s7z,172,53
20:41:59,50u,paymentservice-9bfb7bf5-kgd56,7,108
20:41:59,50u,productcatalogservice-65bbf699df-7w28t,1,21
20:41:59,50u,productcatalogservice-65bbf699df-j2fmg,82,44
20:41:59,50u,productcatalogservice-65bbf699df-qntf5,1,19
20:41:59,50u,recommendationservice-7444754ff5-n8cbh,172,81
20:41:59,50u,redis-cart-c8ff86559-kcf44,7,36
20:41:59,50u,shippingservice-f956b6d9f-w7n4b,16,32
20:42:09,50u,adservice-574bff445c-6mj7s,48,288
20:42:09,50u,cartservice-7c84fdfb6-m5m6d,77,177
20:42:09,50u,checkoutservice-5b6d96c9b7-45rkr,18,38
20:42:09,50u,currencyservice-7c8fc8fc9c-4hm9g,145,126
20:42:09,50u,emailservice-66944ff59-2lcjl,9,94
20:42:09,50u,frontend-7bd6f45654-s2s7z,172,53
20:42:09,50u,paymentservice-9bfb7bf5-kgd56,7,108
20:42:09,50u,productcatalogservice-65bbf699df-7w28t,1,21
20:42:09,50u,productcatalogservice-65bbf699df-j2fmg,82,44
20:42:09,50u,productcatalogservice-65bbf699df-qntf5,1,19
20:42:09,50u,recommendationservice-7444754ff5-n8cbh,172,81
20:42:09,50u,redis-cart-c8ff86559-kcf44,7,36
20:42:09,50u,shippingservice-f956b6d9f-w7n4b,16,32
20:42:19,50u,adservice-574bff445c-6mj7s,4,288
20:42:19,50u,cartservice-7c84fdfb6-m5m6d,4,177
20:42:19,50u,checkoutservice-5b6d96c9b7-45rkr,1,38
20:42:19,50u,currencyservice-7c8fc8fc9c-4hm9g,2,126
20:42:19,50u,emailservice-66944ff59-2lcjl,5,94
20:42:19,50u,frontend-7bd6f45654-s2s7z,1,53
20:42:19,50u,paymentservice-9bfb7bf5-kgd56,2,108
20:42:19,50u,productcatalogservice-65bbf699df-7w28t,1,21
20:42:19,50u,productcatalogservice-65bbf699df-j2fmg,1,44
20:42:19,50u,productcatalogservice-65bbf699df-qntf5,2,19
20:42:19,50u,recommendationservice-7444754ff5-n8cbh,5,81
20:42:19,50u,redis-cart-c8ff86559-kcf44,3,36
20:42:19,50u,shippingservice-f956b6d9f-w7n4b,2,32
20:42:29,50u,adservice-574bff445c-6mj7s,2,288
20:42:29,50u,cartservice-7c84fdfb6-m5m6d,2,177
20:42:29,50u,checkoutservice-5b6d96c9b7-45rkr,1,38
20:42:29,50u,currencyservice-7c8fc8fc9c-4hm9g,2,126
20:42:29,50u,emailservice-66944ff59-2lcjl,5,94
20:42:29,50u,frontend-7bd6f45654-s2s7z,1,53
20:42:29,50u,paymentservice-9bfb7bf5-kgd56,1,108
20:42:29,50u,productcatalogservice-65bbf699df-7w28t,1,21
20:42:29,50u,productcatalogservice-65bbf699df-j2fmg,1,44
20:42:29,50u,productcatalogservice-65bbf699df-qntf5,1,19
20:42:29,50u,recommendationservice-7444754ff5-n8cbh,4,81
20:42:29,50u,redis-cart-c8ff86559-kcf44,3,36
20:42:29,50u,shippingservice-f956b6d9f-w7n4b,1,32
20:42:39,50u,adservice-574bff445c-6mj7s,2,288
20:42:39,50u,cartservice-7c84fdfb6-m5m6d,2,177
20:42:39,50u,checkoutservice-5b6d96c9b7-45rkr,1,38
20:42:39,50u,currencyservice-7c8fc8fc9c-4hm9g,2,126
20:42:39,50u,emailservice-66944ff59-2lcjl,5,94
20:42:39,50u,frontend-7bd6f45654-s2s7z,1,53
20:42:39,50u,paymentservice-9bfb7bf5-kgd56,1,108
20:42:39,50u,productcatalogservice-65bbf699df-7w28t,1,21
20:42:39,50u,productcatalogservice-65bbf699df-j2fmg,1,44
20:42:39,50u,productcatalogservice-65bbf699df-qntf5,1,19
20:42:39,50u,recommendationservice-7444754ff5-n8cbh,4,81
20:42:39,50u,redis-cart-c8ff86559-kcf44,3,36
20:42:39,50u,shippingservice-f956b6d9f-w7n4b,1,32
20:42:50,50u,adservice-574bff445c-6mj7s,2,288
20:42:50,50u,cartservice-7c84fdfb6-m5m6d,3,177
20:42:50,50u,checkoutservice-5b6d96c9b7-45rkr,1,38
20:42:50,50u,currencyservice-7c8fc8fc9c-4hm9g,2,126
20:42:50,50u,emailservice-66944ff59-2lcjl,5,94
20:42:50,50u,frontend-7bd6f45654-s2s7z,1,53
20:42:50,50u,paymentservice-9bfb7bf5-kgd56,2,108
20:42:50,50u,productcatalogservice-65bbf699df-7w28t,1,21
20:42:50,50u,productcatalogservice-65bbf699df-j2fmg,1,44
20:42:50,50u,productcatalogservice-65bbf699df-qntf5,1,19
20:42:50,50u,recommendationservice-7444754ff5-n8cbh,5,81
20:42:50,50u,redis-cart-c8ff86559-kcf44,3,36
20:42:50,50u,shippingservice-f956b6d9f-w7n4b,1,32
20:43:00,75u,adservice-574bff445c-6mj7s,4,287
20:43:00,75u,cartservice-7c84fdfb6-m5m6d,3,177
20:43:00,75u,checkoutservice-5b6d96c9b7-45rkr,1,38
20:43:00,75u,currencyservice-7c8fc8fc9c-4hm9g,3,125
20:43:00,75u,emailservice-66944ff59-2lcjl,4,94
20:43:00,75u,frontend-7bd6f45654-s2s7z,3,53
20:43:00,75u,paymentservice-9bfb7bf5-kgd56,1,108
20:43:00,75u,productcatalogservice-65bbf699df-7w28t,1,21
20:43:00,75u,productcatalogservice-65bbf699df-j2fmg,2,44
20:43:00,75u,productcatalogservice-65bbf699df-qntf5,1,19
20:43:00,75u,recommendationservice-7444754ff5-n8cbh,5,81
20:43:00,75u,redis-cart-c8ff86559-kcf44,4,36
20:43:00,75u,shippingservice-f956b6d9f-w7n4b,1,32
20:43:10,75u,adservice-574bff445c-6mj7s,4,287
20:43:10,75u,cartservice-7c84fdfb6-m5m6d,3,177
20:43:10,75u,checkoutservice-5b6d96c9b7-45rkr,1,38
20:43:10,75u,currencyservice-7c8fc8fc9c-4hm9g,3,125
20:43:10,75u,emailservice-66944ff59-2lcjl,4,94
20:43:10,75u,frontend-7bd6f45654-s2s7z,3,53
20:43:10,75u,paymentservice-9bfb7bf5-kgd56,1,108
20:43:10,75u,productcatalogservice-65bbf699df-7w28t,1,21
20:43:10,75u,productcatalogservice-65bbf699df-j2fmg,2,44
20:43:10,75u,productcatalogservice-65bbf699df-qntf5,1,19
20:43:10,75u,recommendationservice-7444754ff5-n8cbh,5,81
20:43:10,75u,redis-cart-c8ff86559-kcf44,4,36
20:43:10,75u,shippingservice-f956b6d9f-w7n4b,1,32
20:43:20,75u,adservice-574bff445c-6mj7s,28,287
20:43:20,75u,cartservice-7c84fdfb6-m5m6d,61,177
20:43:20,75u,checkoutservice-5b6d96c9b7-45rkr,8,38
20:43:20,75u,currencyservice-7c8fc8fc9c-4hm9g,106,126
20:43:20,75u,emailservice-66944ff59-2lcjl,6,94
20:43:20,75u,frontend-7bd6f45654-s2s7z,124,53
20:43:20,75u,paymentservice-9bfb7bf5-kgd56,4,108
20:43:20,75u,productcatalogservice-65bbf699df-7w28t,1,21
20:43:20,75u,productcatalogservice-65bbf699df-j2fmg,54,44
20:43:20,75u,productcatalogservice-65bbf699df-qntf5,1,19
20:43:20,75u,recommendationservice-7444754ff5-n8cbh,90,81
20:43:20,75u,redis-cart-c8ff86559-kcf44,5,36
20:43:20,75u,shippingservice-f956b6d9f-w7n4b,10,32
20:43:30,75u,adservice-574bff445c-6mj7s,51,288
20:43:30,75u,cartservice-7c84fdfb6-m5m6d,92,178
20:43:30,75u,checkoutservice-5b6d96c9b7-45rkr,16,38
20:43:30,75u,currencyservice-7c8fc8fc9c-4hm9g,159,126
20:43:30,75u,emailservice-66944ff59-2lcjl,9,94
20:43:30,75u,frontend-7bd6f45654-s2s7z,190,52
20:43:30,75u,paymentservice-9bfb7bf5-kgd56,7,108
20:43:30,75u,productcatalogservice-65bbf699df-7w28t,1,21
20:43:30,75u,productcatalogservice-65bbf699df-j2fmg,90,44
20:43:30,75u,productcatalogservice-65bbf699df-qntf5,1,19
20:43:30,75u,recommendationservice-7444754ff5-n8cbh,179,81
20:43:30,75u,redis-cart-c8ff86559-kcf44,7,36
20:43:30,75u,shippingservice-f956b6d9f-w7n4b,17,31
20:43:40,75u,adservice-574bff445c-6mj7s,51,288
20:43:40,75u,cartservice-7c84fdfb6-m5m6d,92,178
20:43:40,75u,checkoutservice-5b6d96c9b7-45rkr,16,38
20:43:40,75u,currencyservice-7c8fc8fc9c-4hm9g,159,126
20:43:40,75u,emailservice-66944ff59-2lcjl,9,94
20:43:40,75u,frontend-7bd6f45654-s2s7z,190,52
20:43:40,75u,paymentservice-9bfb7bf5-kgd56,7,108
20:43:40,75u,productcatalogservice-65bbf699df-7w28t,1,21
20:43:40,75u,productcatalogservice-65bbf699df-j2fmg,90,44
20:43:40,75u,productcatalogservice-65bbf699df-qntf5,1,19
20:43:40,75u,recommendationservice-7444754ff5-n8cbh,179,81
20:43:40,75u,redis-cart-c8ff86559-kcf44,7,36
20:43:40,75u,shippingservice-f956b6d9f-w7n4b,17,31
20:43:50,75u,adservice-574bff445c-6mj7s,13,288
20:43:50,75u,cartservice-7c84fdfb6-m5m6d,44,177
20:43:50,75u,checkoutservice-5b6d96c9b7-45rkr,5,38
20:43:50,75u,emailservice-66944ff59-2lcjl,6,94
20:43:50,75u,frontend-7bd6f45654-s2s7z,99,53
20:43:50,75u,paymentservice-9bfb7bf5-kgd56,3,108
20:43:50,75u,productcatalogservice-65bbf699df-7w28t,1,21
20:43:50,75u,productcatalogservice-65bbf699df-j2fmg,38,44
20:43:50,75u,productcatalogservice-65bbf699df-qntf5,1,19
20:43:50,75u,recommendationservice-7444754ff5-n8cbh,39,81
20:43:50,75u,redis-cart-c8ff86559-kcf44,6,36
20:43:50,75u,shippingservice-f956b6d9f-w7n4b,5,31
20:44:01,75u,adservice-574bff445c-6mj7s,2,288
20:44:01,75u,cartservice-7c84fdfb6-m5m6d,54,177
20:44:01,75u,checkoutservice-5b6d96c9b7-45rkr,1,38
20:44:01,75u,emailservice-66944ff59-2lcjl,3,94
20:44:01,75u,frontend-7bd6f45654-s2s7z,149,54
20:44:01,75u,paymentservice-9bfb7bf5-kgd56,1,108
20:44:01,75u,productcatalogservice-65bbf699df-7w28t,3,21
20:44:01,75u,productcatalogservice-65bbf699df-j2fmg,45,44
20:44:01,75u,productcatalogservice-65bbf699df-qntf5,1,19
20:44:01,75u,recommendationservice-7444754ff5-n8cbh,3,81
20:44:01,75u,redis-cart-c8ff86559-kcf44,6,36
20:44:01,75u,shippingservice-f956b6d9f-w7n4b,1,31
20:44:11,75u,adservice-574bff445c-6mj7s,2,288
20:44:11,75u,cartservice-7c84fdfb6-m5m6d,54,177
20:44:11,75u,checkoutservice-5b6d96c9b7-45rkr,1,38
20:44:11,75u,emailservice-66944ff59-2lcjl,3,94
20:44:11,75u,frontend-7bd6f45654-s2s7z,149,54
20:44:11,75u,paymentservice-9bfb7bf5-kgd56,1,108
20:44:11,75u,productcatalogservice-65bbf699df-7w28t,3,21
20:44:11,75u,productcatalogservice-65bbf699df-j2fmg,45,44
20:44:11,75u,productcatalogservice-65bbf699df-qntf5,1,19
20:44:11,75u,recommendationservice-7444754ff5-n8cbh,3,81
20:44:11,75u,redis-cart-c8ff86559-kcf44,6,36
20:44:11,75u,shippingservice-f956b6d9f-w7n4b,1,31
20:44:21,75u,adservice-574bff445c-6mj7s,2,288
20:44:21,75u,cartservice-7c84fdfb6-m5m6d,55,177
20:44:21,75u,checkoutservice-5b6d96c9b7-45rkr,1,38
20:44:21,75u,currencyservice-7c8fc8fc9c-4hm9g,96,115
20:44:21,75u,emailservice-66944ff59-2lcjl,3,94
20:44:21,75u,frontend-7bd6f45654-s2s7z,153,55
20:44:21,75u,paymentservice-9bfb7bf5-kgd56,1,108
20:44:21,75u,productcatalogservice-65bbf699df-7w28t,1,21
20:44:21,75u,productcatalogservice-65bbf699df-j2fmg,45,44
20:44:21,75u,productcatalogservice-65bbf699df-qntf5,1,19
20:44:21,75u,recommendationservice-7444754ff5-n8cbh,3,81
20:44:21,75u,redis-cart-c8ff86559-kcf44,6,36
20:44:21,75u,shippingservice-f956b6d9f-w7n4b,1,31
20:44:31,75u,adservice-574bff445c-6mj7s,31,289
20:44:31,75u,cartservice-7c84fdfb6-m5m6d,60,178
20:44:31,75u,checkoutservice-5b6d96c9b7-45rkr,17,38
20:44:31,75u,currencyservice-7c8fc8fc9c-4hm9g,146,113
20:44:31,75u,emailservice-66944ff59-2lcjl,9,94
20:44:31,75u,frontend-7bd6f45654-s2s7z,150,56
20:44:31,75u,paymentservice-9bfb7bf5-kgd56,6,108
20:44:31,75u,productcatalogservice-65bbf699df-7w28t,1,21
20:44:31,75u,productcatalogservice-65bbf699df-j2fmg,65,44
20:44:31,75u,productcatalogservice-65bbf699df-qntf5,1,19
20:44:31,75u,recommendationservice-7444754ff5-n8cbh,103,81
20:44:31,75u,redis-cart-c8ff86559-kcf44,6,36
20:44:31,75u,shippingservice-f956b6d9f-w7n4b,11,32
20:44:41,75u,adservice-574bff445c-6mj7s,31,289
20:44:41,75u,cartservice-7c84fdfb6-m5m6d,60,178
20:44:41,75u,checkoutservice-5b6d96c9b7-45rkr,17,38
20:44:41,75u,currencyservice-7c8fc8fc9c-4hm9g,146,113
20:44:41,75u,emailservice-66944ff59-2lcjl,9,94
20:44:41,75u,frontend-7bd6f45654-s2s7z,150,56
20:44:41,75u,paymentservice-9bfb7bf5-kgd56,6,108
20:44:41,75u,productcatalogservice-65bbf699df-7w28t,1,21
20:44:41,75u,productcatalogservice-65bbf699df-j2fmg,65,44
20:44:41,75u,productcatalogservice-65bbf699df-qntf5,1,19
20:44:41,75u,recommendationservice-7444754ff5-n8cbh,103,81
20:44:41,75u,redis-cart-c8ff86559-kcf44,6,36
20:44:41,75u,shippingservice-f956b6d9f-w7n4b,11,32
20:44:51,75u,adservice-574bff445c-6mj7s,60,289
20:44:51,75u,cartservice-7c84fdfb6-m5m6d,96,178
20:44:51,75u,checkoutservice-5b6d96c9b7-45rkr,27,38
20:44:51,75u,currencyservice-7c8fc8fc9c-4hm9g,171,120
20:44:51,75u,emailservice-66944ff59-2lcjl,13,94
20:44:51,75u,frontend-7bd6f45654-s2s7z,199,56
20:44:51,75u,paymentservice-9bfb7bf5-kgd56,10,109
20:44:51,75u,productcatalogservice-65bbf699df-7w28t,1,21
20:44:51,75u,productcatalogservice-65bbf699df-j2fmg,91,44
20:44:51,75u,productcatalogservice-65bbf699df-qntf5,1,19
20:44:51,75u,recommendationservice-7444754ff5-n8cbh,199,81
20:44:51,75u,redis-cart-c8ff86559-kcf44,7,36
20:44:51,75u,shippingservice-f956b6d9f-w7n4b,19,32
20:45:02,75u,adservice-574bff445c-6mj7s,58,289
20:45:02,75u,cartservice-7c84fdfb6-m5m6d,98,178
20:45:02,75u,checkoutservice-5b6d96c9b7-45rkr,23,38
20:45:02,75u,currencyservice-7c8fc8fc9c-4hm9g,168,123
20:45:02,75u,emailservice-66944ff59-2lcjl,12,94
20:45:02,75u,frontend-7bd6f45654-s2s7z,199,55
20:45:02,75u,paymentservice-9bfb7bf5-kgd56,10,109
20:45:02,75u,productcatalogservice-65bbf699df-7w28t,1,21
20:45:02,75u,productcatalogservice-65bbf699df-j2fmg,92,44
20:45:02,75u,productcatalogservice-65bbf699df-qntf5,1,19
20:45:02,75u,recommendationservice-7444754ff5-n8cbh,199,81
20:45:02,75u,redis-cart-c8ff86559-kcf44,7,36
20:45:02,75u,shippingservice-f956b6d9f-w7n4b,19,31
20:45:12,75u,adservice-574bff445c-6mj7s,58,289
20:45:12,75u,cartservice-7c84fdfb6-m5m6d,98,178
20:45:12,75u,checkoutservice-5b6d96c9b7-45rkr,23,38
20:45:12,75u,currencyservice-7c8fc8fc9c-4hm9g,168,123
20:45:12,75u,emailservice-66944ff59-2lcjl,12,94
20:45:12,75u,frontend-7bd6f45654-s2s7z,199,55
20:45:12,75u,paymentservice-9bfb7bf5-kgd56,10,109
20:45:12,75u,productcatalogservice-65bbf699df-7w28t,1,21
20:45:12,75u,productcatalogservice-65bbf699df-j2fmg,92,44
20:45:12,75u,productcatalogservice-65bbf699df-qntf5,1,19
20:45:12,75u,recommendationservice-7444754ff5-n8cbh,199,81
20:45:12,75u,redis-cart-c8ff86559-kcf44,7,36
20:45:12,75u,shippingservice-f956b6d9f-w7n4b,19,31
20:45:22,75u,adservice-574bff445c-6mj7s,59,289
20:45:22,75u,cartservice-7c84fdfb6-m5m6d,87,178
20:45:22,75u,checkoutservice-5b6d96c9b7-45rkr,24,38
20:45:22,75u,currencyservice-7c8fc8fc9c-4hm9g,165,125
20:45:22,75u,emailservice-66944ff59-2lcjl,13,94
20:45:22,75u,frontend-7bd6f45654-s2s7z,195,55
20:45:22,75u,paymentservice-9bfb7bf5-kgd56,10,109
20:45:22,75u,productcatalogservice-65bbf699df-7w28t,1,21
20:45:22,75u,productcatalogservice-65bbf699df-j2fmg,91,44
20:45:22,75u,productcatalogservice-65bbf699df-qntf5,1,19
20:45:22,75u,recommendationservice-7444754ff5-n8cbh,192,81
20:45:22,75u,redis-cart-c8ff86559-kcf44,7,36
20:45:22,75u,shippingservice-f956b6d9f-w7n4b,19,32
