timestamp,snapshot,pod,cpu_m,ram_mi
18:06:59,0,adservice-574bff445c-2zzqg,218,144
18:06:59,0,adservice-574bff445c-4w7zh,208,162
18:06:59,0,adservice-574bff445c-k5l76,2,275
18:06:59,0,cartservice-db96d6fcc-6kndn,70,82
18:06:59,0,cartservice-db96d6fcc-tsdhc,2,145
18:06:59,0,cartservice-db96d6fcc-x6v6f,76,82
18:06:59,0,checkoutservice-5b6d96c9b7-fwtng,1,37
18:06:59,0,checkoutservice-5b6d96c9b7-lwnbx,1,12
18:06:59,0,checkoutservice-5b6d96c9b7-tvvwl,1,12
18:06:59,0,currencyservice-7c8fc8fc9c-6tsnv,21,89
18:06:59,0,currencyservice-7c8fc8fc9c-rtbz4,1,124
18:06:59,0,currencyservice-7c8fc8fc9c-s92sq,22,70
18:06:59,0,emailservice-66944ff59-62x8j,65,56
18:06:59,0,emailservice-66944ff59-xh284,65,56
18:06:59,0,emailservice-66944ff59-zvg4w,3,56
18:06:59,0,frontend-7bd6f45654-dnhzb,1,43
18:06:59,0,frontend-7bd6f45654-jwp2b,2,13
18:06:59,0,frontend-7bd6f45654-xmsf8,2,11
18:06:59,0,paymentservice-9bfb7bf5-9mdwz,1,126
18:06:59,0,paymentservice-9bfb7bf5-w2dt7,20,65
18:06:59,0,paymentservice-9bfb7bf5-x4kz9,20,63
18:06:59,0,productcatalogservice-65bbf699df-2hv25,1,18
18:06:59,0,productcatalogservice-65bbf699df-8ztwv,1,19
18:06:59,0,productcatalogservice-65bbf699df-d9cxl,1,42
18:06:59,0,recommendationservice-7444754ff5-kk4vc,3,80
18:06:59,0,recommendationservice-7444754ff5-w69fs,63,51
18:06:59,0,recommendationservice-7444754ff5-w769g,61,51
18:06:59,0,redis-cart-c8ff86559-gpcc7,2,36
18:06:59,0,shippingservice-f956b6d9f-g5j6b,1,12
18:06:59,0,shippingservice-f956b6d9f-m2h7g,1,12
18:06:59,0,shippingservice-f956b6d9f-ml5cg,1,31
18:07:09,1,adservice-574bff445c-2zzqg,6,143
18:07:09,1,adservice-574bff445c-4w7zh,6,161
18:07:09,1,adservice-574bff445c-k5l76,3,275
18:07:09,1,cartservice-db96d6fcc-6kndn,19,83
18:07:09,1,cartservice-db96d6fcc-tsdhc,3,145
18:07:09,1,cartservice-db96d6fcc-x6v6f,17,85
18:07:09,1,checkoutservice-5b6d96c9b7-fwtng,1,37
18:07:09,1,checkoutservice-5b6d96c9b7-lwnbx,1,12
18:07:09,1,checkoutservice-5b6d96c9b7-tvvwl,1,12
18:07:09,1,currencyservice-7c8fc8fc9c-6tsnv,3,91
18:07:09,1,currencyservice-7c8fc8fc9c-rtbz4,3,124
18:07:09,1,currencyservice-7c8fc8fc9c-s92sq,3,72
18:07:09,1,emailservice-66944ff59-62x8j,3,56
18:07:09,1,emailservice-66944ff59-xh284,3,56
18:07:09,1,emailservice-66944ff59-zvg4w,4,56
18:07:09,1,frontend-7bd6f45654-dnhzb,2,43
18:07:09,1,frontend-7bd6f45654-jwp2b,2,14
18:07:09,1,frontend-7bd6f45654-xmsf8,1,12
18:07:09,1,paymentservice-9bfb7bf5-9mdwz,2,126
18:07:09,1,paymentservice-9bfb7bf5-w2dt7,3,65
18:07:09,1,paymentservice-9bfb7bf5-x4kz9,4,63
18:07:09,1,productcatalogservice-65bbf699df-2hv25,1,18
18:07:09,1,productcatalogservice-65bbf699df-8ztwv,1,19
18:07:09,1,productcatalogservice-65bbf699df-d9cxl,1,42
18:07:09,1,recommendationservice-7444754ff5-kk4vc,4,80
18:07:09,1,recommendationservice-7444754ff5-w69fs,4,51
18:07:09,1,recommendationservice-7444754ff5-w769g,4,51
18:07:09,1,redis-cart-c8ff86559-gpcc7,4,36
18:07:09,1,shippingservice-f956b6d9f-g5j6b,1,14
18:07:09,1,shippingservice-f956b6d9f-m2h7g,1,14
18:07:09,1,shippingservice-f956b6d9f-ml5cg,2,31
18:07:19,2,adservice-574bff445c-2zzqg,6,144
18:07:19,2,adservice-574bff445c-4w7zh,24,165
18:07:19,2,adservice-574bff445c-k5l76,6,275
18:07:19,2,cartservice-db96d6fcc-6kndn,132,115
18:07:19,2,cartservice-db96d6fcc-tsdhc,8,145
18:07:19,2,cartservice-db96d6fcc-x6v6f,15,86
18:07:19,2,checkoutservice-5b6d96c9b7-fwtng,2,37
18:07:19,2,checkoutservice-5b6d96c9b7-lwnbx,1,12
18:07:19,2,checkoutservice-5b6d96c9b7-tvvwl,1,12
18:07:19,2,currencyservice-7c8fc8fc9c-6tsnv,39,94
18:07:19,2,currencyservice-7c8fc8fc9c-rtbz4,4,124
18:07:19,2,currencyservice-7c8fc8fc9c-s92sq,4,72
18:07:19,2,emailservice-66944ff59-62x8j,3,56
18:07:19,2,emailservice-66944ff59-xh284,3,56
18:07:19,2,emailservice-66944ff59-zvg4w,4,56
18:07:19,2,frontend-7bd6f45654-dnhzb,4,43
18:07:19,2,frontend-7bd6f45654-jwp2b,17,20
18:07:19,2,frontend-7bd6f45654-xmsf8,21,20
18:07:19,2,paymentservice-9bfb7bf5-9mdwz,2,126
18:07:19,2,paymentservice-9bfb7bf5-w2dt7,5,66
18:07:19,2,paymentservice-9bfb7bf5-x4kz9,3,63
18:07:19,2,productcatalogservice-65bbf699df-2hv25,3,19
18:07:19,2,productcatalogservice-65bbf699df-8ztwv,6,19
18:07:19,2,productcatalogservice-65bbf699df-d9cxl,5,42
18:07:19,2,recommendationservice-7444754ff5-kk4vc,10,80
18:07:19,2,recommendationservice-7444754ff5-w69fs,19,54
18:07:19,2,recommendationservice-7444754ff5-w769g,3,51
18:07:19,2,redis-cart-c8ff86559-gpcc7,3,36
18:07:19,2,shippingservice-f956b6d9f-g5j6b,2,14
18:07:19,2,shippingservice-f956b6d9f-m2h7g,3,15
18:07:19,2,shippingservice-f956b6d9f-ml5cg,1,31
18:07:29,3,adservice-574bff445c-2zzqg,6,144
18:07:29,3,adservice-574bff445c-4w7zh,24,165
18:07:29,3,adservice-574bff445c-k5l76,6,275
18:07:29,3,cartservice-db96d6fcc-6kndn,132,115
18:07:29,3,cartservice-db96d6fcc-tsdhc,8,145
18:07:29,3,cartservice-db96d6fcc-x6v6f,15,86
18:07:29,3,checkoutservice-5b6d96c9b7-fwtng,2,37
18:07:29,3,checkoutservice-5b6d96c9b7-lwnbx,1,12
18:07:29,3,checkoutservice-5b6d96c9b7-tvvwl,1,12
18:07:29,3,currencyservice-7c8fc8fc9c-6tsnv,39,94
18:07:29,3,currencyservice-7c8fc8fc9c-rtbz4,4,124
18:07:29,3,currencyservice-7c8fc8fc9c-s92sq,4,72
18:07:29,3,emailservice-66944ff59-62x8j,3,56
18:07:29,3,emailservice-66944ff59-xh284,3,56
18:07:29,3,emailservice-66944ff59-zvg4w,4,56
18:07:29,3,frontend-7bd6f45654-dnhzb,4,43
18:07:29,3,frontend-7bd6f45654-jwp2b,17,20
18:07:29,3,frontend-7bd6f45654-xmsf8,21,20
18:07:29,3,paymentservice-9bfb7bf5-9mdwz,2,126
18:07:29,3,paymentservice-9bfb7bf5-w2dt7,5,66
18:07:29,3,paymentservice-9bfb7bf5-x4kz9,3,63
18:07:29,3,productcatalogservice-65bbf699df-2hv25,3,19
18:07:29,3,productcatalogservice-65bbf699df-8ztwv,6,19
18:07:29,3,productcatalogservice-65bbf699df-d9cxl,5,42
18:07:29,3,recommendationservice-7444754ff5-kk4vc,10,80
18:07:29,3,recommendationservice-7444754ff5-w69fs,19,54
18:07:29,3,recommendationservice-7444754ff5-w769g,3,51
18:07:29,3,redis-cart-c8ff86559-gpcc7,3,36
18:07:29,3,shippingservice-f956b6d9f-g5j6b,2,14
18:07:29,3,shippingservice-f956b6d9f-m2h7g,3,15
18:07:29,3,shippingservice-f956b6d9f-ml5cg,1,31
18:07:39,4,adservice-574bff445c-2zzqg,5,144
18:07:39,4,adservice-574bff445c-4w7zh,19,168
18:07:39,4,adservice-574bff445c-k5l76,4,275
18:07:39,4,cartservice-db96d6fcc-6kndn,106,124
18:07:39,4,cartservice-db96d6fcc-tsdhc,8,145
18:07:39,4,cartservice-db96d6fcc-x6v6f,21,88
18:07:39,4,checkoutservice-5b6d96c9b7-fwtng,2,37
18:07:39,4,checkoutservice-5b6d96c9b7-lwnbx,1,14
18:07:39,4,checkoutservice-5b6d96c9b7-tvvwl,1,14
18:07:39,4,currencyservice-7c8fc8fc9c-6tsnv,24,94
18:07:39,4,currencyservice-7c8fc8fc9c-rtbz4,6,124
18:07:39,4,currencyservice-7c8fc8fc9c-s92sq,3,72
18:07:39,4,emailservice-66944ff59-62x8j,3,56
18:07:39,4,emailservice-66944ff59-xh284,3,56
18:07:39,4,emailservice-66944ff59-zvg4w,4,56
18:07:39,4,frontend-7bd6f45654-dnhzb,4,43
18:07:39,4,frontend-7bd6f45654-jwp2b,9,20
18:07:39,4,frontend-7bd6f45654-xmsf8,14,21
18:07:39,4,paymentservice-9bfb7bf5-9mdwz,2,126
18:07:39,4,paymentservice-9bfb7bf5-w2dt7,3,66
18:07:39,4,paymentservice-9bfb7bf5-x4kz9,4,63
18:07:39,4,productcatalogservice-65bbf699df-2hv25,3,19
18:07:39,4,productcatalogservice-65bbf699df-8ztwv,6,19
18:07:39,4,productcatalogservice-65bbf699df-d9cxl,5,42
18:07:39,4,recommendationservice-7444754ff5-kk4vc,10,80
18:07:39,4,recommendationservice-7444754ff5-w69fs,12,54
18:07:39,4,recommendationservice-7444754ff5-w769g,3,51
18:07:39,4,redis-cart-c8ff86559-gpcc7,3,36
18:07:39,4,shippingservice-f956b6d9f-g5j6b,2,15
18:07:39,4,shippingservice-f956b6d9f-m2h7g,2,15
18:07:39,4,shippingservice-f956b6d9f-ml5cg,3,31
18:07:50,5,adservice-574bff445c-2zzqg,7,144
18:07:50,5,adservice-574bff445c-4w7zh,27,173
18:07:50,5,adservice-574bff445c-k5l76,5,275
18:07:50,5,cartservice-db96d6fcc-6kndn,12,124
18:07:50,5,cartservice-db96d6fcc-tsdhc,10,145
18:07:50,5,cartservice-db96d6fcc-x6v6f,8,90
18:07:50,5,checkoutservice-5b6d96c9b7-fwtng,2,37
18:07:50,5,checkoutservice-5b6d96c9b7-lwnbx,1,14
18:07:50,5,checkoutservice-5b6d96c9b7-tvvwl,2,15
18:07:50,5,currencyservice-7c8fc8fc9c-6tsnv,16,95
18:07:50,5,currencyservice-7c8fc8fc9c-rtbz4,11,124
18:07:50,5,currencyservice-7c8fc8fc9c-s92sq,2,73
18:07:50,5,emailservice-66944ff59-62x8j,3,56
18:07:50,5,emailservice-66944ff59-xh284,3,56
18:07:50,5,emailservice-66944ff59-zvg4w,4,56
18:07:50,5,frontend-7bd6f45654-dnhzb,11,43
18:07:50,5,frontend-7bd6f45654-jwp2b,10,20
18:07:50,5,frontend-7bd6f45654-xmsf8,5,21
18:07:50,5,paymentservice-9bfb7bf5-9mdwz,2,126
18:07:50,5,paymentservice-9bfb7bf5-w2dt7,2,66
18:07:50,5,paymentservice-9bfb7bf5-x4kz9,1,63
18:07:50,5,productcatalogservice-65bbf699df-2hv25,1,19
18:07:50,5,productcatalogservice-65bbf699df-8ztwv,2,19
18:07:50,5,productcatalogservice-65bbf699df-d9cxl,9,42
18:07:50,5,recommendationservice-7444754ff5-kk4vc,15,80
18:07:50,5,recommendationservice-7444754ff5-w69fs,6,54
18:07:50,5,recommendationservice-7444754ff5-w769g,3,51
18:07:50,5,redis-cart-c8ff86559-gpcc7,3,36
18:07:50,5,shippingservice-f956b6d9f-g5j6b,1,15
18:07:50,5,shippingservice-f956b6d9f-m2h7g,1,15
18:07:50,5,shippingservice-f956b6d9f-ml5cg,2,31
18:08:00,6,adservice-574bff445c-2zzqg,7,144
18:08:00,6,adservice-574bff445c-4w7zh,27,173
18:08:00,6,adservice-574bff445c-k5l76,5,275
18:08:00,6,cartservice-db96d6fcc-6kndn,12,124
18:08:00,6,cartservice-db96d6fcc-tsdhc,10,145
18:08:00,6,cartservice-db96d6fcc-x6v6f,8,90
18:08:00,6,checkoutservice-5b6d96c9b7-fwtng,2,37
18:08:00,6,checkoutservice-5b6d96c9b7-lwnbx,1,14
18:08:00,6,checkoutservice-5b6d96c9b7-tvvwl,2,15
18:08:00,6,currencyservice-7c8fc8fc9c-6tsnv,16,95
18:08:00,6,currencyservice-7c8fc8fc9c-rtbz4,11,124
18:08:00,6,currencyservice-7c8fc8fc9c-s92sq,2,73
18:08:00,6,emailservice-66944ff59-62x8j,3,56
18:08:00,6,emailservice-66944ff59-xh284,3,56
18:08:00,6,emailservice-66944ff59-zvg4w,4,56
18:08:00,6,frontend-7bd6f45654-dnhzb,11,43
18:08:00,6,frontend-7bd6f45654-jwp2b,10,20
18:08:00,6,frontend-7bd6f45654-xmsf8,5,21
18:08:00,6,paymentservice-9bfb7bf5-9mdwz,2,126
18:08:00,6,paymentservice-9bfb7bf5-w2dt7,2,66
18:08:00,6,paymentservice-9bfb7bf5-x4kz9,1,63
18:08:00,6,productcatalogservice-65bbf699df-2hv25,1,19
18:08:00,6,productcatalogservice-65bbf699df-8ztwv,2,19
18:08:00,6,productcatalogservice-65bbf699df-d9cxl,9,42
18:08:00,6,recommendationservice-7444754ff5-kk4vc,15,80
18:08:00,6,recommendationservice-7444754ff5-w69fs,6,54
18:08:00,6,recommendationservice-7444754ff5-w769g,3,51
18:08:00,6,redis-cart-c8ff86559-gpcc7,3,36
18:08:00,6,shippingservice-f956b6d9f-g5j6b,1,15
18:08:00,6,shippingservice-f956b6d9f-m2h7g,1,15
18:08:00,6,shippingservice-f956b6d9f-ml5cg,2,31
18:08:10,7,adservice-574bff445c-2zzqg,4,144
18:08:10,7,adservice-574bff445c-4w7zh,19,177
18:08:10,7,adservice-574bff445c-k5l76,4,275
18:08:10,7,cartservice-db96d6fcc-6kndn,9,125
18:08:10,7,cartservice-db96d6fcc-tsdhc,12,145
18:08:10,7,cartservice-db96d6fcc-x6v6f,17,94
18:08:10,7,checkoutservice-5b6d96c9b7-fwtng,3,37
18:08:10,7,checkoutservice-5b6d96c9b7-lwnbx,2,15
18:08:10,7,checkoutservice-5b6d96c9b7-tvvwl,1,15
18:08:10,7,currencyservice-7c8fc8fc9c-6tsnv,29,98
18:08:10,7,currencyservice-7c8fc8fc9c-rtbz4,12,124
18:08:10,7,currencyservice-7c8fc8fc9c-s92sq,2,72
18:08:10,7,emailservice-66944ff59-62x8j,3,56
18:08:10,7,emailservice-66944ff59-xh284,3,56
18:08:10,7,emailservice-66944ff59-zvg4w,4,56
18:08:10,7,frontend-7bd6f45654-dnhzb,12,43
18:08:10,7,frontend-7bd6f45654-jwp2b,12,20
18:08:10,7,frontend-7bd6f45654-xmsf8,5,21
18:08:10,7,paymentservice-9bfb7bf5-9mdwz,2,126
18:08:10,7,paymentservice-9bfb7bf5-w2dt7,2,66
18:08:10,7,paymentservice-9bfb7bf5-x4kz9,2,63
18:08:10,7,productcatalogservice-65bbf699df-2hv25,1,19
18:08:10,7,productcatalogservice-65bbf699df-8ztwv,3,19
18:08:10,7,productcatalogservice-65bbf699df-d9cxl,11,42
18:08:10,7,recommendationservice-7444754ff5-kk4vc,18,80
18:08:10,7,recommendationservice-7444754ff5-w69fs,7,54
18:08:10,7,recommendationservice-7444754ff5-w769g,3,51
18:08:10,7,redis-cart-c8ff86559-gpcc7,3,36
18:08:10,7,shippingservice-f956b6d9f-g5j6b,1,15
18:08:10,7,shippingservice-f956b6d9f-m2h7g,2,15
18:08:10,7,shippingservice-f956b6d9f-ml5cg,2,31
18:08:20,8,adservice-574bff445c-2zzqg,6,146
18:08:20,8,adservice-574bff445c-4w7zh,23,178
18:08:20,8,adservice-574bff445c-k5l76,10,275
18:08:20,8,cartservice-db96d6fcc-6kndn,14,125
18:08:20,8,cartservice-db96d6fcc-tsdhc,18,145
18:08:20,8,cartservice-db96d6fcc-x6v6f,14,94
18:08:20,8,checkoutservice-5b6d96c9b7-fwtng,3,37
18:08:20,8,checkoutservice-5b6d96c9b7-lwnbx,1,15
18:08:20,8,checkoutservice-5b6d96c9b7-tvvwl,1,15
18:08:20,8,currencyservice-7c8fc8fc9c-6tsnv,25,98
18:08:20,8,currencyservice-7c8fc8fc9c-rtbz4,21,124
18:08:20,8,currencyservice-7c8fc8fc9c-s92sq,7,73
18:08:20,8,emailservice-66944ff59-62x8j,8,56
18:08:20,8,emailservice-66944ff59-xh284,10,56
18:08:20,8,emailservice-66944ff59-zvg4w,5,56
18:08:20,8,frontend-7bd6f45654-dnhzb,19,43
18:08:20,8,frontend-7bd6f45654-jwp2b,20,21
18:08:20,8,frontend-7bd6f45654-xmsf8,8,21
18:08:20,8,paymentservice-9bfb7bf5-9mdwz,3,126
18:08:20,8,paymentservice-9bfb7bf5-w2dt7,8,66
18:08:20,8,paymentservice-9bfb7bf5-x4kz9,4,64
18:08:20,8,productcatalogservice-65bbf699df-2hv25,2,19
18:08:20,8,productcatalogservice-65bbf699df-8ztwv,3,19
18:08:20,8,productcatalogservice-65bbf699df-d9cxl,14,42
18:08:20,8,recommendationservice-7444754ff5-kk4vc,22,80
18:08:20,8,recommendationservice-7444754ff5-w69fs,9,54
18:08:20,8,recommendationservice-7444754ff5-w769g,5,51
18:08:20,8,redis-cart-c8ff86559-gpcc7,4,36
18:08:20,8,shippingservice-f956b6d9f-g5j6b,2,15
18:08:20,8,shippingservice-f956b6d9f-m2h7g,2,15
18:08:20,8,shippingservice-f956b6d9f-ml5cg,3,31
18:08:30,9,adservice-574bff445c-2zzqg,6,146
18:08:30,9,adservice-574bff445c-4w7zh,23,178
18:08:30,9,adservice-574bff445c-k5l76,10,275
18:08:30,9,cartservice-db96d6fcc-6kndn,14,125
18:08:30,9,cartservice-db96d6fcc-tsdhc,18,145
18:08:30,9,cartservice-db96d6fcc-x6v6f,14,94
18:08:30,9,checkoutservice-5b6d96c9b7-fwtng,3,37
18:08:30,9,checkoutservice-5b6d96c9b7-lwnbx,1,15
18:08:30,9,checkoutservice-5b6d96c9b7-tvvwl,1,15
18:08:30,9,currencyservice-7c8fc8fc9c-6tsnv,25,98
18:08:30,9,currencyservice-7c8fc8fc9c-rtbz4,21,124
18:08:30,9,currencyservice-7c8fc8fc9c-s92sq,7,73
18:08:30,9,emailservice-66944ff59-62x8j,8,56
18:08:30,9,emailservice-66944ff59-xh284,10,56
18:08:30,9,emailservice-66944ff59-zvg4w,5,56
18:08:30,9,frontend-7bd6f45654-dnhzb,19,43
18:08:30,9,frontend-7bd6f45654-jwp2b,20,21
18:08:30,9,frontend-7bd6f45654-xmsf8,8,21
18:08:30,9,paymentservice-9bfb7bf5-9mdwz,3,126
18:08:30,9,paymentservice-9bfb7bf5-w2dt7,8,66
18:08:30,9,paymentservice-9bfb7bf5-x4kz9,4,64
18:08:30,9,productcatalogservice-65bbf699df-2hv25,2,19
18:08:30,9,productcatalogservice-65bbf699df-8ztwv,3,19
18:08:30,9,productcatalogservice-65bbf699df-d9cxl,14,42
18:08:30,9,recommendationservice-7444754ff5-kk4vc,22,80
18:08:30,9,recommendationservice-7444754ff5-w69fs,9,54
18:08:30,9,recommendationservice-7444754ff5-w769g,5,51
18:08:30,9,redis-cart-c8ff86559-gpcc7,4,36
18:08:30,9,shippingservice-f956b6d9f-g5j6b,2,15
18:08:30,9,shippingservice-f956b6d9f-m2h7g,2,15
18:08:30,9,shippingservice-f956b6d9f-ml5cg,3,31
18:08:40,10,adservice-574bff445c-2zzqg,6,146
18:08:40,10,adservice-574bff445c-4w7zh,30,181
18:08:40,10,adservice-574bff445c-k5l76,5,275
18:08:40,10,cartservice-db96d6fcc-6kndn,9,125
18:08:40,10,cartservice-db96d6fcc-tsdhc,12,145
18:08:40,10,cartservice-db96d6fcc-x6v6f,15,94
18:08:40,10,checkoutservice-5b6d96c9b7-fwtng,4,37
18:08:40,10,checkoutservice-5b6d96c9b7-lwnbx,1,15
18:08:40,10,checkoutservice-5b6d96c9b7-tvvwl,1,15
18:08:40,10,currencyservice-7c8fc8fc9c-6tsnv,28,98
18:08:40,10,currencyservice-7c8fc8fc9c-rtbz4,13,124
18:08:40,10,currencyservice-7c8fc8fc9c-s92sq,14,72
18:08:40,10,emailservice-66944ff59-62x8j,5,56
18:08:40,10,emailservice-66944ff59-xh284,6,56
18:08:40,10,emailservice-66944ff59-zvg4w,5,56
18:08:40,10,frontend-7bd6f45654-dnhzb,13,43
18:08:40,10,frontend-7bd6f45654-jwp2b,15,21
18:08:40,10,frontend-7bd6f45654-xmsf8,5,21
18:08:40,10,paymentservice-9bfb7bf5-9mdwz,3,126
18:08:40,10,paymentservice-9bfb7bf5-w2dt7,6,68
18:08:40,10,paymentservice-9bfb7bf5-x4kz9,9,66
18:08:40,10,productcatalogservice-65bbf699df-2hv25,1,19
18:08:40,10,productcatalogservice-65bbf699df-8ztwv,2,19
18:08:40,10,productcatalogservice-65bbf699df-d9cxl,12,42
18:08:40,10,recommendationservice-7444754ff5-kk4vc,17,80
18:08:40,10,recommendationservice-7444754ff5-w69fs,9,54
18:08:40,10,recommendationservice-7444754ff5-w769g,7,51
18:08:40,10,redis-cart-c8ff86559-gpcc7,3,36
18:08:40,10,shippingservice-f956b6d9f-g5j6b,2,15
18:08:40,10,shippingservice-f956b6d9f-m2h7g,2,15
18:08:40,10,shippingservice-f956b6d9f-ml5cg,2,31
18:08:50,11,adservice-574bff445c-2zzqg,7,147
18:08:50,11,adservice-574bff445c-4w7zh,18,185
18:08:50,11,adservice-574bff445c-k5l76,5,275
18:08:50,11,cartservice-db96d6fcc-6kndn,10,123
18:08:50,11,cartservice-db96d6fcc-tsdhc,10,145
18:08:50,11,cartservice-db96d6fcc-x6v6f,6,94
18:08:50,11,checkoutservice-5b6d96c9b7-fwtng,2,37
18:08:50,11,checkoutservice-5b6d96c9b7-lwnbx,1,15
18:08:50,11,checkoutservice-5b6d96c9b7-tvvwl,1,15
18:08:50,11,currencyservice-7c8fc8fc9c-6tsnv,14,98
18:08:50,11,currencyservice-7c8fc8fc9c-rtbz4,13,124
18:08:50,11,currencyservice-7c8fc8fc9c-s92sq,3,72
18:08:50,11,emailservice-66944ff59-62x8j,4,56
18:08:50,11,emailservice-66944ff59-xh284,4,56
18:08:50,11,emailservice-66944ff59-zvg4w,4,56
18:08:50,11,frontend-7bd6f45654-dnhzb,14,43
18:08:50,11,frontend-7bd6f45654-jwp2b,12,21
18:08:50,11,frontend-7bd6f45654-xmsf8,4,21
18:08:50,11,paymentservice-9bfb7bf5-9mdwz,2,126
18:08:50,11,paymentservice-9bfb7bf5-w2dt7,2,68
18:08:50,11,paymentservice-9bfb7bf5-x4kz9,2,66
18:08:50,11,productcatalogservice-65bbf699df-2hv25,1,19
18:08:50,11,productcatalogservice-65bbf699df-8ztwv,4,19
18:08:50,11,productcatalogservice-65bbf699df-d9cxl,11,43
18:08:50,11,recommendationservice-7444754ff5-kk4vc,18,80
18:08:50,11,recommendationservice-7444754ff5-w69fs,7,54
18:08:50,11,recommendationservice-7444754ff5-w769g,3,51
18:08:50,11,redis-cart-c8ff86559-gpcc7,3,36
18:08:50,11,shippingservice-f956b6d9f-g5j6b,1,15
18:08:50,11,shippingservice-f956b6d9f-m2h7g,2,15
18:08:50,11,shippingservice-f956b6d9f-ml5cg,2,31
18:09:01,12,adservice-574bff445c-2zzqg,8,147
18:09:01,12,adservice-574bff445c-4w7zh,27,188
18:09:01,12,adservice-574bff445c-k5l76,5,275
18:09:01,12,cartservice-db96d6fcc-6kndn,10,126
18:09:01,12,cartservice-db96d6fcc-tsdhc,11,145
18:09:01,12,cartservice-db96d6fcc-x6v6f,10,95
18:09:01,12,checkoutservice-5b6d96c9b7-fwtng,3,37
18:09:01,12,checkoutservice-5b6d96c9b7-lwnbx,1,15
18:09:01,12,checkoutservice-5b6d96c9b7-tvvwl,1,15
18:09:01,12,currencyservice-7c8fc8fc9c-6tsnv,20,100
18:09:01,12,currencyservice-7c8fc8fc9c-rtbz4,13,124
18:09:01,12,currencyservice-7c8fc8fc9c-s92sq,3,72
18:09:01,12,emailservice-66944ff59-62x8j,4,56
18:09:01,12,emailservice-66944ff59-xh284,4,56
18:09:01,12,emailservice-66944ff59-zvg4w,5,56
18:09:01,12,frontend-7bd6f45654-dnhzb,14,43
18:09:01,12,frontend-7bd6f45654-jwp2b,15,21
18:09:01,12,frontend-7bd6f45654-xmsf8,5,21
18:09:01,12,paymentservice-9bfb7bf5-9mdwz,3,126
18:09:01,12,paymentservice-9bfb7bf5-w2dt7,3,68
18:09:01,12,paymentservice-9bfb7bf5-x4kz9,3,66
18:09:01,12,productcatalogservice-65bbf699df-2hv25,2,19
18:09:01,12,productcatalogservice-65bbf699df-8ztwv,2,19
18:09:01,12,productcatalogservice-65bbf699df-d9cxl,14,43
18:09:01,12,recommendationservice-7444754ff5-kk4vc,19,80
18:09:01,12,recommendationservice-7444754ff5-w69fs,6,54
18:09:01,12,recommendationservice-7444754ff5-w769g,5,51
18:09:01,12,redis-cart-c8ff86559-gpcc7,3,36
18:09:01,12,shippingservice-f956b6d9f-g5j6b,1,15
18:09:01,12,shippingservice-f956b6d9f-m2h7g,2,15
18:09:01,12,shippingservice-f956b6d9f-ml5cg,2,31
18:09:11,13,adservice-574bff445c-2zzqg,8,147
18:09:11,13,adservice-574bff445c-4w7zh,27,188
18:09:11,13,adservice-574bff445c-k5l76,5,275
18:09:11,13,cartservice-db96d6fcc-6kndn,10,126
18:09:11,13,cartservice-db96d6fcc-tsdhc,11,145
18:09:11,13,cartservice-db96d6fcc-x6v6f,10,95
18:09:11,13,checkoutservice-5b6d96c9b7-fwtng,3,37
18:09:11,13,checkoutservice-5b6d96c9b7-lwnbx,1,15
18:09:11,13,checkoutservice-5b6d96c9b7-tvvwl,1,15
18:09:11,13,currencyservice-7c8fc8fc9c-6tsnv,20,100
18:09:11,13,currencyservice-7c8fc8fc9c-rtbz4,13,124
18:09:11,13,currencyservice-7c8fc8fc9c-s92sq,3,72
18:09:11,13,emailservice-66944ff59-62x8j,4,56
18:09:11,13,emailservice-66944ff59-xh284,4,56
18:09:11,13,emailservice-66944ff59-zvg4w,5,56
18:09:11,13,frontend-7bd6f45654-dnhzb,14,43
18:09:11,13,frontend-7bd6f45654-jwp2b,15,21
18:09:11,13,frontend-7bd6f45654-xmsf8,5,21
18:09:11,13,paymentservice-9bfb7bf5-9mdwz,3,126
18:09:11,13,paymentservice-9bfb7bf5-w2dt7,3,68
18:09:11,13,paymentservice-9bfb7bf5-x4kz9,3,66
18:09:11,13,productcatalogservice-65bbf699df-2hv25,2,19
18:09:11,13,productcatalogservice-65bbf699df-8ztwv,2,19
18:09:11,13,productcatalogservice-65bbf699df-d9cxl,14,43
18:09:11,13,recommendationservice-7444754ff5-kk4vc,19,80
18:09:11,13,recommendationservice-7444754ff5-w69fs,6,54
18:09:11,13,recommendationservice-7444754ff5-w769g,5,51
18:09:11,13,redis-cart-c8ff86559-gpcc7,3,36
18:09:11,13,shippingservice-f956b6d9f-g5j6b,1,15
18:09:11,13,shippingservice-f956b6d9f-m2h7g,2,15
18:09:11,13,shippingservice-f956b6d9f-ml5cg,2,31
18:09:21,14,adservice-574bff445c-2zzqg,6,147
18:09:21,14,adservice-574bff445c-4w7zh,21,194
18:09:21,14,adservice-574bff445c-k5l76,5,275
18:09:21,14,cartservice-db96d6fcc-6kndn,17,126
18:09:21,14,cartservice-db96d6fcc-tsdhc,10,145
18:09:21,14,cartservice-db96d6fcc-x6v6f,31,98
18:09:21,14,checkoutservice-5b6d96c9b7-fwtng,2,37
18:09:21,14,checkoutservice-5b6d96c9b7-lwnbx,1,15
18:09:21,14,checkoutservice-5b6d96c9b7-tvvwl,1,15
18:09:21,14,currencyservice-7c8fc8fc9c-6tsnv,14,100
18:09:21,14,currencyservice-7c8fc8fc9c-rtbz4,10,124
18:09:21,14,currencyservice-7c8fc8fc9c-s92sq,2,72
18:09:21,14,emailservice-66944ff59-62x8j,4,56
18:09:21,14,emailservice-66944ff59-xh284,3,56
18:09:21,14,emailservice-66944ff59-zvg4w,4,56
18:09:21,14,frontend-7bd6f45654-dnhzb,12,43
18:09:21,14,frontend-7bd6f45654-jwp2b,12,21
18:09:21,14,frontend-7bd6f45654-xmsf8,3,21
18:09:21,14,paymentservice-9bfb7bf5-9mdwz,2,126
18:09:21,14,paymentservice-9bfb7bf5-w2dt7,2,68
18:09:21,14,paymentservice-9bfb7bf5-x4kz9,1,66
18:09:21,14,productcatalogservice-65bbf699df-2hv25,1,19
18:09:21,14,productcatalogservice-65bbf699df-8ztwv,2,19
18:09:21,14,productcatalogservice-65bbf699df-d9cxl,11,43
18:09:21,14,recommendationservice-7444754ff5-kk4vc,16,80
18:09:21,14,recommendationservice-7444754ff5-w69fs,6,54
18:09:21,14,recommendationservice-7444754ff5-w769g,4,51
18:09:21,14,redis-cart-c8ff86559-gpcc7,3,36
18:09:21,14,shippingservice-f956b6d9f-g5j6b,1,15
18:09:21,14,shippingservice-f956b6d9f-m2h7g,2,15
18:09:21,14,shippingservice-f956b6d9f-ml5cg,2,31
18:09:31,15,adservice-574bff445c-2zzqg,5,147
18:09:31,15,adservice-574bff445c-4w7zh,16,194
18:09:31,15,adservice-574bff445c-k5l76,7,275
18:09:31,15,cartservice-db96d6fcc-6kndn,10,127
18:09:31,15,cartservice-db96d6fcc-tsdhc,13,145
18:09:31,15,cartservice-db96d6fcc-x6v6f,5,98
18:09:31,15,checkoutservice-5b6d96c9b7-fwtng,3,37
18:09:31,15,checkoutservice-5b6d96c9b7-lwnbx,1,15
18:09:31,15,checkoutservice-5b6d96c9b7-tvvwl,1,15
18:09:31,15,currencyservice-7c8fc8fc9c-6tsnv,18,100
18:09:31,15,currencyservice-7c8fc8fc9c-rtbz4,15,124
18:09:31,15,currencyservice-7c8fc8fc9c-s92sq,6,72
18:09:31,15,emailservice-66944ff59-62x8j,5,56
18:09:31,15,emailservice-66944ff59-xh284,4,56
18:09:31,15,emailservice-66944ff59-zvg4w,5,56
18:09:31,15,frontend-7bd6f45654-dnhzb,15,43
18:09:31,15,frontend-7bd6f45654-jwp2b,11,21
18:09:31,15,frontend-7bd6f45654-xmsf8,6,21
18:09:31,15,paymentservice-9bfb7bf5-9mdwz,3,126
18:09:31,15,paymentservice-9bfb7bf5-w2dt7,6,68
18:09:31,15,paymentservice-9bfb7bf5-x4kz9,4,66
18:09:31,15,productcatalogservice-65bbf699df-2hv25,1,19
18:09:31,15,productcatalogservice-65bbf699df-8ztwv,3,19
18:09:31,15,productcatalogservice-65bbf699df-d9cxl,11,43
18:09:31,15,recommendationservice-7444754ff5-kk4vc,18,80
18:09:31,15,recommendationservice-7444754ff5-w69fs,7,54
18:09:31,15,recommendationservice-7444754ff5-w769g,4,51
18:09:31,15,redis-cart-c8ff86559-gpcc7,3,36
18:09:31,15,shippingservice-f956b6d9f-g5j6b,2,15
18:09:31,15,shippingservice-f956b6d9f-m2h7g,2,15
18:09:31,15,shippingservice-f956b6d9f-ml5cg,2,31
18:09:41,16,adservice-574bff445c-2zzqg,5,147
18:09:41,16,adservice-574bff445c-4w7zh,16,194
18:09:41,16,adservice-574bff445c-k5l76,7,275
18:09:41,16,cartservice-db96d6fcc-6kndn,10,127
18:09:41,16,cartservice-db96d6fcc-tsdhc,13,145
18:09:41,16,cartservice-db96d6fcc-x6v6f,5,98
18:09:41,16,checkoutservice-5b6d96c9b7-fwtng,3,37
18:09:41,16,checkoutservice-5b6d96c9b7-lwnbx,1,15
18:09:41,16,checkoutservice-5b6d96c9b7-tvvwl,1,15
18:09:41,16,currencyservice-7c8fc8fc9c-6tsnv,18,100
18:09:41,16,currencyservice-7c8fc8fc9c-rtbz4,15,124
18:09:41,16,currencyservice-7c8fc8fc9c-s92sq,6,72
18:09:41,16,emailservice-66944ff59-62x8j,5,56
18:09:41,16,emailservice-66944ff59-xh284,4,56
18:09:41,16,emailservice-66944ff59-zvg4w,5,56
18:09:41,16,frontend-7bd6f45654-dnhzb,15,43
18:09:41,16,frontend-7bd6f45654-jwp2b,11,21
18:09:41,16,frontend-7bd6f45654-xmsf8,6,21
18:09:41,16,paymentservice-9bfb7bf5-9mdwz,3,126
18:09:41,16,paymentservice-9bfb7bf5-w2dt7,6,68
18:09:41,16,paymentservice-9bfb7bf5-x4kz9,4,66
18:09:41,16,productcatalogservice-65bbf699df-2hv25,1,19
18:09:41,16,productcatalogservice-65bbf699df-8ztwv,3,19
18:09:41,16,productcatalogservice-65bbf699df-d9cxl,11,43
18:09:41,16,recommendationservice-7444754ff5-kk4vc,18,80
18:09:41,16,recommendationservice-7444754ff5-w69fs,7,54
18:09:41,16,recommendationservice-7444754ff5-w769g,4,51
18:09:41,16,redis-cart-c8ff86559-gpcc7,3,36
18:09:41,16,shippingservice-f956b6d9f-g5j6b,2,15
18:09:41,16,shippingservice-f956b6d9f-m2h7g,2,15
18:09:41,16,shippingservice-f956b6d9f-ml5cg,2,31
18:09:51,17,adservice-574bff445c-2zzqg,8,147
18:09:51,17,adservice-574bff445c-4w7zh,4,194
18:09:51,17,adservice-574bff445c-k5l76,1,275
18:09:51,17,cartservice-db96d6fcc-6kndn,3,127
18:09:51,17,cartservice-db96d6fcc-tsdhc,2,145
18:09:51,17,cartservice-db96d6fcc-x6v6f,3,98
18:09:51,17,checkoutservice-5b6d96c9b7-fwtng,1,37
18:09:51,17,checkoutservice-5b6d96c9b7-lwnbx,1,15
18:09:51,17,checkoutservice-5b6d96c9b7-tvvwl,1,15
18:09:51,17,currencyservice-7c8fc8fc9c-6tsnv,2,100
18:09:51,17,currencyservice-7c8fc8fc9c-rtbz4,1,124
18:09:51,17,currencyservice-7c8fc8fc9c-s92sq,2,72
18:09:51,17,emailservice-66944ff59-62x8j,4,56
18:09:51,17,emailservice-66944ff59-xh284,4,56
18:09:51,17,emailservice-66944ff59-zvg4w,4,56
18:09:51,17,frontend-7bd6f45654-dnhzb,1,43
18:09:51,17,frontend-7bd6f45654-jwp2b,1,21
18:09:51,17,frontend-7bd6f45654-xmsf8,1,21
18:09:51,17,paymentservice-9bfb7bf5-9mdwz,2,126
18:09:51,17,paymentservice-9bfb7bf5-w2dt7,3,68
18:09:51,17,paymentservice-9bfb7bf5-x4kz9,2,66
18:09:51,17,productcatalogservice-65bbf699df-2hv25,1,19
18:09:51,17,productcatalogservice-65bbf699df-8ztwv,1,19
18:09:51,17,productcatalogservice-65bbf699df-d9cxl,1,43
18:09:51,17,recommendationservice-7444754ff5-kk4vc,5,80
18:09:51,17,recommendationservice-7444754ff5-w69fs,5,54
18:09:51,17,recommendationservice-7444754ff5-w769g,4,51
18:09:51,17,redis-cart-c8ff86559-gpcc7,4,36
18:09:51,17,shippingservice-f956b6d9f-g5j6b,1,15
18:09:51,17,shippingservice-f956b6d9f-m2h7g,1,15
18:09:51,17,shippingservice-f956b6d9f-ml5cg,1,31
18:10:02,18,adservice-574bff445c-2zzqg,5,150
18:10:02,18,adservice-574bff445c-4w7zh,5,194
18:10:02,18,adservice-574bff445c-k5l76,2,275
18:10:02,18,cartservice-db96d6fcc-6kndn,9,128
18:10:02,18,cartservice-db96d6fcc-tsdhc,2,145
18:10:02,18,cartservice-db96d6fcc-x6v6f,5,99
18:10:02,18,checkoutservice-5b6d96c9b7-fwtng,1,37
18:10:02,18,checkoutservice-5b6d96c9b7-lwnbx,1,15
18:10:02,18,checkoutservice-5b6d96c9b7-tvvwl,2,15
18:10:02,18,currencyservice-7c8fc8fc9c-6tsnv,2,100
18:10:02,18,currencyservice-7c8fc8fc9c-rtbz4,2,124
18:10:02,18,currencyservice-7c8fc8fc9c-s92sq,3,72
18:10:02,18,emailservice-66944ff59-62x8j,4,56
18:10:02,18,emailservice-66944ff59-xh284,4,56
18:10:02,18,emailservice-66944ff59-zvg4w,4,56
18:10:02,18,frontend-7bd6f45654-dnhzb,1,43
18:10:02,18,frontend-7bd6f45654-jwp2b,1,21
18:10:02,18,frontend-7bd6f45654-xmsf8,1,21
18:10:02,18,paymentservice-9bfb7bf5-9mdwz,2,126
18:10:02,18,paymentservice-9bfb7bf5-w2dt7,3,68
18:10:02,18,paymentservice-9bfb7bf5-x4kz9,3,66
18:10:02,18,productcatalogservice-65bbf699df-2hv25,1,19
18:10:02,18,productcatalogservice-65bbf699df-8ztwv,1,19
18:10:02,18,productcatalogservice-65bbf699df-d9cxl,1,43
18:10:02,18,recommendationservice-7444754ff5-kk4vc,5,80
18:10:02,18,recommendationservice-7444754ff5-w69fs,4,54
18:10:02,18,recommendationservice-7444754ff5-w769g,4,51
18:10:02,18,redis-cart-c8ff86559-gpcc7,3,36
18:10:02,18,shippingservice-f956b6d9f-g5j6b,1,15
18:10:02,18,shippingservice-f956b6d9f-m2h7g,1,15
18:10:02,18,shippingservice-f956b6d9f-ml5cg,1,31
18:10:12,19,adservice-574bff445c-2zzqg,5,150
18:10:12,19,adservice-574bff445c-4w7zh,5,194
18:10:12,19,adservice-574bff445c-k5l76,2,275
18:10:12,19,cartservice-db96d6fcc-6kndn,9,128
18:10:12,19,cartservice-db96d6fcc-tsdhc,2,145
18:10:12,19,cartservice-db96d6fcc-x6v6f,5,99
18:10:12,19,checkoutservice-5b6d96c9b7-fwtng,1,37
18:10:12,19,checkoutservice-5b6d96c9b7-lwnbx,1,15
18:10:12,19,checkoutservice-5b6d96c9b7-tvvwl,2,15
18:10:12,19,currencyservice-7c8fc8fc9c-6tsnv,2,100
18:10:12,19,currencyservice-7c8fc8fc9c-rtbz4,2,124
18:10:12,19,currencyservice-7c8fc8fc9c-s92sq,3,72
18:10:12,19,emailservice-66944ff59-62x8j,4,56
18:10:12,19,emailservice-66944ff59-xh284,4,56
18:10:12,19,emailservice-66944ff59-zvg4w,4,56
18:10:12,19,frontend-7bd6f45654-dnhzb,1,43
18:10:12,19,frontend-7bd6f45654-jwp2b,1,21
18:10:12,19,frontend-7bd6f45654-xmsf8,1,21
18:10:12,19,paymentservice-9bfb7bf5-9mdwz,2,126
18:10:12,19,paymentservice-9bfb7bf5-w2dt7,3,68
18:10:12,19,paymentservice-9bfb7bf5-x4kz9,3,66
18:10:12,19,productcatalogservice-65bbf699df-2hv25,1,19
18:10:12,19,productcatalogservice-65bbf699df-8ztwv,1,19
18:10:12,19,productcatalogservice-65bbf699df-d9cxl,1,43
18:10:12,19,recommendationservice-7444754ff5-kk4vc,5,80
18:10:12,19,recommendationservice-7444754ff5-w69fs,4,54
18:10:12,19,recommendationservice-7444754ff5-w769g,4,51
18:10:12,19,redis-cart-c8ff86559-gpcc7,3,36
18:10:12,19,shippingservice-f956b6d9f-g5j6b,1,15
18:10:12,19,shippingservice-f956b6d9f-m2h7g,1,15
18:10:12,19,shippingservice-f956b6d9f-ml5cg,1,31
18:10:22,20,adservice-574bff445c-2zzqg,6,150
18:10:22,20,adservice-574bff445c-4w7zh,3,194
18:10:22,20,adservice-574bff445c-k5l76,2,275
18:10:22,20,cartservice-db96d6fcc-6kndn,5,128
18:10:22,20,cartservice-db96d6fcc-tsdhc,3,145
18:10:22,20,cartservice-db96d6fcc-x6v6f,3,99
18:10:22,20,checkoutservice-5b6d96c9b7-fwtng,1,37
18:10:22,20,checkoutservice-5b6d96c9b7-lwnbx,3,16
18:10:22,20,checkoutservice-5b6d96c9b7-tvvwl,1,15
18:10:22,20,currencyservice-7c8fc8fc9c-6tsnv,6,99
18:10:22,20,currencyservice-7c8fc8fc9c-rtbz4,1,124
18:10:22,20,currencyservice-7c8fc8fc9c-s92sq,6,74
18:10:22,20,emailservice-66944ff59-62x8j,3,56
18:10:22,20,emailservice-66944ff59-xh284,3,56
18:10:22,20,emailservice-66944ff59-zvg4w,3,56
18:10:22,20,frontend-7bd6f45654-dnhzb,1,43
18:10:22,20,frontend-7bd6f45654-jwp2b,1,21
18:10:22,20,frontend-7bd6f45654-xmsf8,1,21
18:10:22,20,paymentservice-9bfb7bf5-9mdwz,1,126
18:10:22,20,paymentservice-9bfb7bf5-w2dt7,2,68
18:10:22,20,paymentservice-9bfb7bf5-x4kz9,1,66
18:10:22,20,productcatalogservice-65bbf699df-2hv25,1,19
18:10:22,20,productcatalogservice-65bbf699df-8ztwv,1,19
18:10:22,20,productcatalogservice-65bbf699df-d9cxl,1,43
18:10:22,20,recommendationservice-7444754ff5-kk4vc,4,80
18:10:22,20,recommendationservice-7444754ff5-w69fs,4,54
18:10:22,20,recommendationservice-7444754ff5-w769g,3,51
18:10:22,20,redis-cart-c8ff86559-gpcc7,3,36
18:10:22,20,shippingservice-f956b6d9f-g5j6b,1,15
18:10:22,20,shippingservice-f956b6d9f-m2h7g,1,15
18:10:22,20,shippingservice-f956b6d9f-ml5cg,1,31
18:10:32,21,adservice-574bff445c-2zzqg,9,150
18:10:32,21,adservice-574bff445c-4w7zh,7,194
18:10:32,21,adservice-574bff445c-k5l76,3,275
18:10:32,21,cartservice-db96d6fcc-6kndn,4,128
18:10:32,21,cartservice-db96d6fcc-tsdhc,3,145
18:10:32,21,cartservice-db96d6fcc-x6v6f,4,99
18:10:32,21,checkoutservice-5b6d96c9b7-fwtng,1,37
18:10:32,21,checkoutservice-5b6d96c9b7-lwnbx,1,16
18:10:32,21,checkoutservice-5b6d96c9b7-tvvwl,1,15
18:10:32,21,currencyservice-7c8fc8fc9c-6tsnv,2,99
18:10:32,21,currencyservice-7c8fc8fc9c-rtbz4,3,124
18:10:32,21,currencyservice-7c8fc8fc9c-s92sq,2,74
18:10:32,21,emailservice-66944ff59-62x8j,4,56
18:10:32,21,emailservice-66944ff59-xh284,4,56
18:10:32,21,emailservice-66944ff59-zvg4w,5,56
18:10:32,21,frontend-7bd6f45654-dnhzb,1,43
18:10:32,21,frontend-7bd6f45654-jwp2b,1,21
18:10:32,21,frontend-7bd6f45654-xmsf8,1,21
18:10:32,21,paymentservice-9bfb7bf5-9mdwz,1,126
18:10:32,21,paymentservice-9bfb7bf5-w2dt7,2,68
18:10:32,21,paymentservice-9bfb7bf5-x4kz9,3,66
18:10:32,21,productcatalogservice-65bbf699df-2hv25,1,19
18:10:32,21,productcatalogservice-65bbf699df-8ztwv,1,19
18:10:32,21,productcatalogservice-65bbf699df-d9cxl,1,43
18:10:32,21,recommendationservice-7444754ff5-kk4vc,4,80
18:10:32,21,recommendationservice-7444754ff5-w69fs,4,54
18:10:32,21,recommendationservice-7444754ff5-w769g,4,51
18:10:32,21,redis-cart-c8ff86559-gpcc7,3,36
18:10:32,21,shippingservice-f956b6d9f-g5j6b,1,15
18:10:32,21,shippingservice-f956b6d9f-m2h7g,1,16
18:10:32,21,shippingservice-f956b6d9f-ml5cg,1,31
18:10:42,22,adservice-574bff445c-2zzqg,9,150
18:10:42,22,adservice-574bff445c-4w7zh,7,194
18:10:42,22,adservice-574bff445c-k5l76,3,275
18:10:42,22,cartservice-db96d6fcc-6kndn,4,128
18:10:42,22,cartservice-db96d6fcc-tsdhc,3,145
18:10:42,22,cartservice-db96d6fcc-x6v6f,4,99
18:10:42,22,checkoutservice-5b6d96c9b7-fwtng,1,37
18:10:42,22,checkoutservice-5b6d96c9b7-lwnbx,1,16
18:10:42,22,checkoutservice-5b6d96c9b7-tvvwl,1,15
18:10:42,22,currencyservice-7c8fc8fc9c-6tsnv,2,99
18:10:42,22,currencyservice-7c8fc8fc9c-rtbz4,3,124
18:10:42,22,currencyservice-7c8fc8fc9c-s92sq,2,74
18:10:42,22,emailservice-66944ff59-62x8j,4,56
18:10:42,22,emailservice-66944ff59-xh284,4,56
18:10:42,22,emailservice-66944ff59-zvg4w,5,56
18:10:42,22,frontend-7bd6f45654-dnhzb,1,43
18:10:42,22,frontend-7bd6f45654-jwp2b,1,21
18:10:42,22,frontend-7bd6f45654-xmsf8,1,21
18:10:42,22,paymentservice-9bfb7bf5-9mdwz,1,126
18:10:42,22,paymentservice-9bfb7bf5-w2dt7,2,68
18:10:42,22,paymentservice-9bfb7bf5-x4kz9,3,66
18:10:42,22,productcatalogservice-65bbf699df-2hv25,1,19
18:10:42,22,productcatalogservice-65bbf699df-8ztwv,1,19
18:10:42,22,productcatalogservice-65bbf699df-d9cxl,1,43
18:10:42,22,recommendationservice-7444754ff5-kk4vc,4,80
18:10:42,22,recommendationservice-7444754ff5-w69fs,4,54
18:10:42,22,recommendationservice-7444754ff5-w769g,4,51
18:10:42,22,redis-cart-c8ff86559-gpcc7,3,36
18:10:42,22,shippingservice-f956b6d9f-g5j6b,1,15
18:10:42,22,shippingservice-f956b6d9f-m2h7g,1,16
18:10:42,22,shippingservice-f956b6d9f-ml5cg,1,31
18:10:52,23,adservice-574bff445c-2zzqg,6,150
18:10:52,23,adservice-574bff445c-4w7zh,15,197
18:10:52,23,adservice-574bff445c-k5l76,5,275
18:10:52,23,cartservice-db96d6fcc-6kndn,9,128
18:10:52,23,cartservice-db96d6fcc-tsdhc,9,145
18:10:52,23,cartservice-db96d6fcc-x6v6f,5,99
18:10:52,23,checkoutservice-5b6d96c9b7-fwtng,2,37
18:10:52,23,checkoutservice-5b6d96c9b7-lwnbx,1,16
18:10:52,23,checkoutservice-5b6d96c9b7-tvvwl,1,15
18:10:52,23,currencyservice-7c8fc8fc9c-6tsnv,23,102
18:10:52,23,currencyservice-7c8fc8fc9c-rtbz4,6,124
18:10:52,23,currencyservice-7c8fc8fc9c-s92sq,4,74
18:10:52,23,emailservice-66944ff59-62x8j,4,56
18:10:52,23,emailservice-66944ff59-xh284,4,56
18:10:52,23,emailservice-66944ff59-zvg4w,4,56
18:10:52,23,frontend-7bd6f45654-dnhzb,8,43
18:10:52,23,frontend-7bd6f45654-jwp2b,11,21
18:10:52,23,frontend-7bd6f45654-xmsf8,8,21
18:10:52,23,paymentservice-9bfb7bf5-9mdwz,3,126
18:10:52,23,paymentservice-9bfb7bf5-w2dt7,4,68
18:10:52,23,paymentservice-9bfb7bf5-x4kz9,3,66
18:10:52,23,productcatalogservice-65bbf699df-2hv25,2,19
18:10:52,23,productcatalogservice-65bbf699df-8ztwv,4,19
18:10:52,23,productcatalogservice-65bbf699df-d9cxl,7,43
18:10:52,23,recommendationservice-7444754ff5-kk4vc,13,80
18:10:52,23,recommendationservice-7444754ff5-w69fs,10,54
18:10:52,23,recommendationservice-7444754ff5-w769g,4,51
18:10:52,23,redis-cart-c8ff86559-gpcc7,4,36
18:10:52,23,shippingservice-f956b6d9f-g5j6b,1,15
18:10:52,23,shippingservice-f956b6d9f-m2h7g,2,16
18:10:52,23,shippingservice-f956b6d9f-ml5cg,1,31
18:11:02,24,adservice-574bff445c-2zzqg,9,150
18:11:02,24,adservice-574bff445c-4w7zh,26,199
18:11:02,24,adservice-574bff445c-k5l76,6,275
18:11:02,24,cartservice-db96d6fcc-6kndn,12,129
18:11:02,24,cartservice-db96d6fcc-tsdhc,16,145
18:11:02,24,cartservice-db96d6fcc-x6v6f,4,99
18:11:02,24,checkoutservice-5b6d96c9b7-fwtng,1,37
18:11:02,24,checkoutservice-5b6d96c9b7-lwnbx,1,16
18:11:02,24,checkoutservice-5b6d96c9b7-tvvwl,1,15
18:11:02,24,currencyservice-7c8fc8fc9c-6tsnv,28,102
18:11:02,24,currencyservice-7c8fc8fc9c-rtbz4,12,124
18:11:02,24,currencyservice-7c8fc8fc9c-s92sq,3,74
18:11:02,24,emailservice-66944ff59-62x8j,5,56
18:11:02,24,emailservice-66944ff59-xh284,4,56
18:11:02,24,emailservice-66944ff59-zvg4w,5,56
18:11:02,24,frontend-7bd6f45654-dnhzb,11,43
18:11:02,24,frontend-7bd6f45654-jwp2b,16,21
18:11:02,24,frontend-7bd6f45654-xmsf8,13,21
18:11:02,24,paymentservice-9bfb7bf5-9mdwz,2,126
18:11:02,24,paymentservice-9bfb7bf5-w2dt7,4,68
18:11:02,24,paymentservice-9bfb7bf5-x4kz9,4,66
18:11:02,24,productcatalogservice-65bbf699df-2hv25,2,19
18:11:02,24,productcatalogservice-65bbf699df-8ztwv,5,19
18:11:02,24,productcatalogservice-65bbf699df-d9cxl,11,43
18:11:02,24,recommendationservice-7444754ff5-kk4vc,18,80
18:11:02,24,recommendationservice-7444754ff5-w69fs,11,54
18:11:02,24,recommendationservice-7444754ff5-w769g,5,51
18:11:02,24,redis-cart-c8ff86559-gpcc7,3,36
18:11:02,24,shippingservice-f956b6d9f-g5j6b,1,15
18:11:02,24,shippingservice-f956b6d9f-m2h7g,2,16
18:11:02,24,shippingservice-f956b6d9f-ml5cg,1,31
18:11:12,25,adservice-574bff445c-2zzqg,9,150
18:11:12,25,adservice-574bff445c-4w7zh,26,199
18:11:12,25,adservice-574bff445c-k5l76,6,275
18:11:12,25,cartservice-db96d6fcc-6kndn,12,129
18:11:12,25,cartservice-db96d6fcc-tsdhc,16,145
18:11:12,25,cartservice-db96d6fcc-x6v6f,4,99
18:11:12,25,checkoutservice-5b6d96c9b7-fwtng,1,37
18:11:12,25,checkoutservice-5b6d96c9b7-lwnbx,1,16
18:11:12,25,checkoutservice-5b6d96c9b7-tvvwl,1,15
18:11:12,25,currencyservice-7c8fc8fc9c-6tsnv,28,102
18:11:12,25,currencyservice-7c8fc8fc9c-rtbz4,12,124
18:11:12,25,currencyservice-7c8fc8fc9c-s92sq,3,74
18:11:12,25,emailservice-66944ff59-62x8j,5,56
18:11:12,25,emailservice-66944ff59-xh284,4,56
18:11:12,25,emailservice-66944ff59-zvg4w,5,56
18:11:12,25,frontend-7bd6f45654-dnhzb,11,43
18:11:12,25,frontend-7bd6f45654-jwp2b,16,21
18:11:12,25,frontend-7bd6f45654-xmsf8,13,21
18:11:12,25,paymentservice-9bfb7bf5-9mdwz,2,126
18:11:12,25,paymentservice-9bfb7bf5-w2dt7,4,68
18:11:12,25,paymentservice-9bfb7bf5-x4kz9,4,66
18:11:12,25,productcatalogservice-65bbf699df-2hv25,2,19
18:11:12,25,productcatalogservice-65bbf699df-8ztwv,5,19
18:11:12,25,productcatalogservice-65bbf699df-d9cxl,11,43
18:11:12,25,recommendationservice-7444754ff5-kk4vc,18,80
18:11:12,25,recommendationservice-7444754ff5-w69fs,11,54
18:11:12,25,recommendationservice-7444754ff5-w769g,5,51
18:11:12,25,redis-cart-c8ff86559-gpcc7,3,36
18:11:12,25,shippingservice-f956b6d9f-g5j6b,1,15
18:11:12,25,shippingservice-f956b6d9f-m2h7g,2,16
18:11:12,25,shippingservice-f956b6d9f-ml5cg,1,31
18:11:23,26,adservice-574bff445c-2zzqg,6,150
18:11:23,26,adservice-574bff445c-4w7zh,8,200
18:11:23,26,adservice-574bff445c-k5l76,5,275
18:11:23,26,cartservice-db96d6fcc-6kndn,17,129
18:11:23,26,cartservice-db96d6fcc-tsdhc,10,145
18:11:23,26,cartservice-db96d6fcc-x6v6f,4,99
18:11:23,26,checkoutservice-5b6d96c9b7-fwtng,3,37
18:11:23,26,checkoutservice-5b6d96c9b7-lwnbx,1,16
18:11:23,26,checkoutservice-5b6d96c9b7-tvvwl,1,15
18:11:23,26,currencyservice-7c8fc8fc9c-6tsnv,20,102
18:11:23,26,currencyservice-7c8fc8fc9c-rtbz4,7,124
18:11:23,26,currencyservice-7c8fc8fc9c-s92sq,2,74
18:11:23,26,emailservice-66944ff59-62x8j,4,56
18:11:23,26,emailservice-66944ff59-xh284,3,56
18:11:23,26,emailservice-66944ff59-zvg4w,4,56
18:11:23,26,frontend-7bd6f45654-dnhzb,9,43
18:11:23,26,frontend-7bd6f45654-jwp2b,9,21
18:11:23,26,frontend-7bd6f45654-xmsf8,18,21
18:11:23,26,paymentservice-9bfb7bf5-9mdwz,2,126
18:11:23,26,paymentservice-9bfb7bf5-w2dt7,3,69
18:11:23,26,paymentservice-9bfb7bf5-x4kz9,1,66
18:11:23,26,productcatalogservice-65bbf699df-2hv25,3,19
18:11:23,26,productcatalogservice-65bbf699df-8ztwv,7,19
18:11:23,26,productcatalogservice-65bbf699df-d9cxl,8,43
18:11:23,26,recommendationservice-7444754ff5-kk4vc,14,80
18:11:23,26,recommendationservice-7444754ff5-w69fs,13,54
18:11:23,26,recommendationservice-7444754ff5-w769g,3,51
18:11:23,26,redis-cart-c8ff86559-gpcc7,3,36
18:11:23,26,shippingservice-f956b6d9f-g5j6b,1,15
18:11:23,26,shippingservice-f956b6d9f-m2h7g,2,16
18:11:23,26,shippingservice-f956b6d9f-ml5cg,2,31
18:11:33,27,adservice-574bff445c-2zzqg,3,152
18:11:33,27,adservice-574bff445c-4w7zh,22,203
18:11:33,27,adservice-574bff445c-k5l76,6,275
18:11:33,27,cartservice-db96d6fcc-6kndn,16,131
18:11:33,27,cartservice-db96d6fcc-tsdhc,10,145
18:11:33,27,cartservice-db96d6fcc-x6v6f,12,100
18:11:33,27,checkoutservice-5b6d96c9b7-fwtng,2,37
18:11:33,27,checkoutservice-5b6d96c9b7-lwnbx,1,16
18:11:33,27,checkoutservice-5b6d96c9b7-tvvwl,1,15
18:11:33,27,currencyservice-7c8fc8fc9c-6tsnv,24,103
18:11:33,27,currencyservice-7c8fc8fc9c-rtbz4,8,124
18:11:33,27,currencyservice-7c8fc8fc9c-s92sq,3,74
18:11:33,27,emailservice-66944ff59-62x8j,3,56
18:11:33,27,emailservice-66944ff59-xh284,3,56
18:11:33,27,emailservice-66944ff59-zvg4w,4,56
18:11:33,27,frontend-7bd6f45654-dnhzb,8,43
18:11:33,27,frontend-7bd6f45654-jwp2b,10,21
18:11:33,27,frontend-7bd6f45654-xmsf8,17,21
18:11:33,27,paymentservice-9bfb7bf5-9mdwz,2,126
18:11:33,27,paymentservice-9bfb7bf5-w2dt7,3,68
18:11:33,27,paymentservice-9bfb7bf5-x4kz9,3,66
18:11:33,27,productcatalogservice-65bbf699df-2hv25,2,19
18:11:33,27,productcatalogservice-65bbf699df-8ztwv,6,19
18:11:33,27,productcatalogservice-65bbf699df-d9cxl,8,43
18:11:33,27,recommendationservice-7444754ff5-kk4vc,14,80
18:11:33,27,recommendationservice-7444754ff5-w69fs,12,54
18:11:33,27,recommendationservice-7444754ff5-w769g,3,51
18:11:33,27,redis-cart-c8ff86559-gpcc7,3,36
18:11:33,27,shippingservice-f956b6d9f-g5j6b,1,15
18:11:33,27,shippingservice-f956b6d9f-m2h7g,2,16
18:11:33,27,shippingservice-f956b6d9f-ml5cg,2,31
18:11:43,28,adservice-574bff445c-2zzqg,3,152
18:11:43,28,adservice-574bff445c-4w7zh,22,203
18:11:43,28,adservice-574bff445c-k5l76,6,275
18:11:43,28,cartservice-db96d6fcc-6kndn,16,131
18:11:43,28,cartservice-db96d6fcc-tsdhc,10,145
18:11:43,28,cartservice-db96d6fcc-x6v6f,12,100
18:11:43,28,checkoutservice-5b6d96c9b7-fwtng,2,37
18:11:43,28,checkoutservice-5b6d96c9b7-lwnbx,1,16
18:11:43,28,checkoutservice-5b6d96c9b7-tvvwl,1,15
18:11:43,28,currencyservice-7c8fc8fc9c-6tsnv,24,103
18:11:43,28,currencyservice-7c8fc8fc9c-rtbz4,8,124
18:11:43,28,currencyservice-7c8fc8fc9c-s92sq,3,74
18:11:43,28,emailservice-66944ff59-62x8j,3,56
18:11:43,28,emailservice-66944ff59-xh284,3,56
18:11:43,28,emailservice-66944ff59-zvg4w,4,56
18:11:43,28,frontend-7bd6f45654-dnhzb,8,43
18:11:43,28,frontend-7bd6f45654-jwp2b,10,21
18:11:43,28,frontend-7bd6f45654-xmsf8,17,21
18:11:43,28,paymentservice-9bfb7bf5-9mdwz,2,126
18:11:43,28,paymentservice-9bfb7bf5-w2dt7,3,68
18:11:43,28,paymentservice-9bfb7bf5-x4kz9,3,66
18:11:43,28,productcatalogservice-65bbf699df-2hv25,2,19
18:11:43,28,productcatalogservice-65bbf699df-8ztwv,6,19
18:11:43,28,productcatalogservice-65bbf699df-d9cxl,8,43
18:11:43,28,recommendationservice-7444754ff5-kk4vc,14,80
18:11:43,28,recommendationservice-7444754ff5-w69fs,12,54
18:11:43,28,recommendationservice-7444754ff5-w769g,3,51
18:11:43,28,redis-cart-c8ff86559-gpcc7,3,36
18:11:43,28,shippingservice-f956b6d9f-g5j6b,1,15
18:11:43,28,shippingservice-f956b6d9f-m2h7g,2,16
18:11:43,28,shippingservice-f956b6d9f-ml5cg,2,31
18:11:53,29,adservice-574bff445c-2zzqg,4,153
18:11:53,29,adservice-574bff445c-4w7zh,20,207
18:11:53,29,adservice-574bff445c-k5l76,6,275
18:11:53,29,cartservice-db96d6fcc-6kndn,24,131
18:11:53,29,cartservice-db96d6fcc-tsdhc,9,145
18:11:53,29,cartservice-db96d6fcc-x6v6f,59,104
18:11:53,29,checkoutservice-5b6d96c9b7-fwtng,2,37
18:11:53,29,checkoutservice-5b6d96c9b7-lwnbx,1,16
18:11:53,29,checkoutservice-5b6d96c9b7-tvvwl,1,15
18:11:53,29,currencyservice-7c8fc8fc9c-6tsnv,26,103
18:11:53,29,currencyservice-7c8fc8fc9c-rtbz4,7,124
18:11:53,29,currencyservice-7c8fc8fc9c-s92sq,1,74
18:11:53,29,emailservice-66944ff59-62x8j,3,56
18:11:53,29,emailservice-66944ff59-xh284,3,56
18:11:53,29,emailservice-66944ff59-zvg4w,4,56
18:11:53,29,frontend-7bd6f45654-dnhzb,7,43
18:11:53,29,frontend-7bd6f45654-jwp2b,10,21
18:11:53,29,frontend-7bd6f45654-xmsf8,19,21
18:11:53,29,paymentservice-9bfb7bf5-9mdwz,2,126
18:11:53,29,paymentservice-9bfb7bf5-w2dt7,2,68
18:11:53,29,paymentservice-9bfb7bf5-x4kz9,1,66
18:11:53,29,productcatalogservice-65bbf699df-2hv25,3,19
18:11:53,29,productcatalogservice-65bbf699df-8ztwv,9,19
18:11:53,29,productcatalogservice-65bbf699df-d9cxl,8,43
18:11:53,29,recommendationservice-7444754ff5-kk4vc,13,80
18:11:53,29,recommendationservice-7444754ff5-w69fs,13,54
18:11:53,29,recommendationservice-7444754ff5-w769g,3,51
18:11:53,29,redis-cart-c8ff86559-gpcc7,3,36
18:11:53,29,shippingservice-f956b6d9f-g5j6b,1,15
18:11:53,29,shippingservice-f956b6d9f-m2h7g,2,16
18:11:53,29,shippingservice-f956b6d9f-ml5cg,2,31
18:12:03,30,adservice-574bff445c-2zzqg,8,153
18:12:03,30,adservice-574bff445c-4w7zh,22,210
18:12:03,30,adservice-574bff445c-k5l76,7,275
18:12:03,30,cartservice-db96d6fcc-6kndn,17,131
18:12:03,30,cartservice-db96d6fcc-tsdhc,10,145
18:12:03,30,cartservice-db96d6fcc-x6v6f,2,104
18:12:03,30,checkoutservice-5b6d96c9b7-fwtng,2,37
18:12:03,30,checkoutservice-5b6d96c9b7-lwnbx,1,16
18:12:03,30,checkoutservice-5b6d96c9b7-tvvwl,1,15
18:12:03,30,currencyservice-7c8fc8fc9c-6tsnv,24,103
18:12:03,30,currencyservice-7c8fc8fc9c-rtbz4,9,124
18:12:03,30,currencyservice-7c8fc8fc9c-s92sq,3,74
18:12:03,30,emailservice-66944ff59-62x8j,4,56
18:12:03,30,emailservice-66944ff59-xh284,3,56
18:12:03,30,emailservice-66944ff59-zvg4w,4,56
18:12:03,30,frontend-7bd6f45654-dnhzb,9,43
18:12:03,30,frontend-7bd6f45654-jwp2b,10,21
18:12:03,30,frontend-7bd6f45654-xmsf8,18,21
18:12:03,30,paymentservice-9bfb7bf5-9mdwz,2,126
18:12:03,30,paymentservice-9bfb7bf5-w2dt7,3,69
18:12:03,30,paymentservice-9bfb7bf5-x4kz9,3,66
18:12:03,30,productcatalogservice-65bbf699df-2hv25,2,19
18:12:03,30,productcatalogservice-65bbf699df-8ztwv,7,19
18:12:03,30,productcatalogservice-65bbf699df-d9cxl,9,43
18:12:03,30,recommendationservice-7444754ff5-kk4vc,14,80
18:12:03,30,recommendationservice-7444754ff5-w69fs,13,54
18:12:03,30,recommendationservice-7444754ff5-w769g,3,51
18:12:03,30,redis-cart-c8ff86559-gpcc7,3,36
18:12:03,30,shippingservice-f956b6d9f-g5j6b,1,15
18:12:03,30,shippingservice-f956b6d9f-m2h7g,2,16
18:12:03,30,shippingservice-f956b6d9f-ml5cg,2,31
18:12:13,31,adservice-574bff445c-2zzqg,8,153
18:12:13,31,adservice-574bff445c-4w7zh,22,210
18:12:13,31,adservice-574bff445c-k5l76,7,275
18:12:13,31,cartservice-db96d6fcc-6kndn,17,131
18:12:13,31,cartservice-db96d6fcc-tsdhc,10,145
18:12:13,31,cartservice-db96d6fcc-x6v6f,2,104
18:12:13,31,checkoutservice-5b6d96c9b7-fwtng,2,37
18:12:13,31,checkoutservice-5b6d96c9b7-lwnbx,1,16
18:12:13,31,checkoutservice-5b6d96c9b7-tvvwl,1,15
18:12:13,31,currencyservice-7c8fc8fc9c-6tsnv,24,103
18:12:13,31,currencyservice-7c8fc8fc9c-rtbz4,9,124
18:12:13,31,currencyservice-7c8fc8fc9c-s92sq,3,74
18:12:13,31,emailservice-66944ff59-62x8j,4,56
18:12:13,31,emailservice-66944ff59-xh284,3,56
18:12:13,31,emailservice-66944ff59-zvg4w,4,56
18:12:13,31,frontend-7bd6f45654-dnhzb,9,43
18:12:13,31,frontend-7bd6f45654-jwp2b,10,21
18:12:13,31,frontend-7bd6f45654-xmsf8,18,21
18:12:13,31,paymentservice-9bfb7bf5-9mdwz,2,126
18:12:13,31,paymentservice-9bfb7bf5-w2dt7,3,69
18:12:13,31,paymentservice-9bfb7bf5-x4kz9,3,66
18:12:13,31,productcatalogservice-65bbf699df-2hv25,2,19
18:12:13,31,productcatalogservice-65bbf699df-8ztwv,7,19
18:12:13,31,productcatalogservice-65bbf699df-d9cxl,9,43
18:12:13,31,recommendationservice-7444754ff5-kk4vc,14,80
18:12:13,31,recommendationservice-7444754ff5-w69fs,13,54
18:12:13,31,recommendationservice-7444754ff5-w769g,3,51
18:12:13,31,redis-cart-c8ff86559-gpcc7,3,36
18:12:13,31,shippingservice-f956b6d9f-g5j6b,1,15
18:12:13,31,shippingservice-f956b6d9f-m2h7g,2,16
18:12:13,31,shippingservice-f956b6d9f-ml5cg,2,31
18:12:24,32,adservice-574bff445c-2zzqg,2,153
18:12:24,32,adservice-574bff445c-4w7zh,9,211
18:12:24,32,adservice-574bff445c-k5l76,5,275
18:12:24,32,cartservice-db96d6fcc-6kndn,10,131
18:12:24,32,cartservice-db96d6fcc-tsdhc,10,145
18:12:24,32,cartservice-db96d6fcc-x6v6f,2,104
18:12:24,32,checkoutservice-5b6d96c9b7-fwtng,2,37
18:12:24,32,checkoutservice-5b6d96c9b7-lwnbx,1,16
18:12:24,32,checkoutservice-5b6d96c9b7-tvvwl,1,15
18:12:24,32,currencyservice-7c8fc8fc9c-6tsnv,23,104
18:12:24,32,currencyservice-7c8fc8fc9c-rtbz4,8,124
18:12:24,32,currencyservice-7c8fc8fc9c-s92sq,2,75
18:12:24,32,emailservice-66944ff59-62x8j,3,56
18:12:24,32,emailservice-66944ff59-xh284,3,56
18:12:24,32,emailservice-66944ff59-zvg4w,4,56
18:12:24,32,frontend-7bd6f45654-dnhzb,10,43
18:12:24,32,frontend-7bd6f45654-jwp2b,10,21
18:12:24,32,frontend-7bd6f45654-xmsf8,16,21
18:12:24,32,paymentservice-9bfb7bf5-9mdwz,2,126
18:12:24,32,paymentservice-9bfb7bf5-w2dt7,2,69
18:12:24,32,paymentservice-9bfb7bf5-x4kz9,1,66
18:12:24,32,productcatalogservice-65bbf699df-2hv25,3,19
18:12:24,32,productcatalogservice-65bbf699df-8ztwv,7,19
18:12:24,32,productcatalogservice-65bbf699df-d9cxl,9,43
18:12:24,32,recommendationservice-7444754ff5-kk4vc,15,80
18:12:24,32,recommendationservice-7444754ff5-w69fs,14,54
18:12:24,32,recommendationservice-7444754ff5-w769g,3,51
18:12:24,32,redis-cart-c8ff86559-gpcc7,3,36
18:12:24,32,shippingservice-f956b6d9f-g5j6b,1,15
18:12:24,32,shippingservice-f956b6d9f-m2h7g,2,16
18:12:24,32,shippingservice-f956b6d9f-ml5cg,2,31
18:12:34,33,adservice-574bff445c-2zzqg,6,153
18:12:34,33,adservice-574bff445c-4w7zh,13,213
18:12:34,33,adservice-574bff445c-k5l76,8,275
18:12:34,33,cartservice-db96d6fcc-6kndn,20,131
18:12:34,33,cartservice-db96d6fcc-tsdhc,12,145
18:12:34,33,cartservice-db96d6fcc-x6v6f,8,105
18:12:34,33,checkoutservice-5b6d96c9b7-fwtng,3,37
18:12:34,33,checkoutservice-5b6d96c9b7-lwnbx,1,16
18:12:34,33,checkoutservice-5b6d96c9b7-tvvwl,1,15
18:12:34,33,currencyservice-7c8fc8fc9c-6tsnv,34,104
18:12:34,33,currencyservice-7c8fc8fc9c-rtbz4,14,124
18:12:34,33,currencyservice-7c8fc8fc9c-s92sq,7,75
18:12:34,33,emailservice-66944ff59-62x8j,7,56
18:12:34,33,emailservice-66944ff59-xh284,6,56
18:12:34,33,emailservice-66944ff59-zvg4w,6,56
18:12:34,33,frontend-7bd6f45654-dnhzb,13,43
18:12:34,33,frontend-7bd6f45654-jwp2b,12,21
18:12:34,33,frontend-7bd6f45654-xmsf8,26,21
18:12:34,33,paymentservice-9bfb7bf5-9mdwz,3,126
18:12:34,33,paymentservice-9bfb7bf5-w2dt7,6,69
18:12:34,33,paymentservice-9bfb7bf5-x4kz9,6,66
18:12:34,33,productcatalogservice-65bbf699df-2hv25,3,19
18:12:34,33,productcatalogservice-65bbf699df-8ztwv,8,19
18:12:34,33,productcatalogservice-65bbf699df-d9cxl,10,43
18:12:34,33,recommendationservice-7444754ff5-kk4vc,16,80
18:12:34,33,recommendationservice-7444754ff5-w69fs,16,54
18:12:34,33,recommendationservice-7444754ff5-w769g,4,51
18:12:34,33,redis-cart-c8ff86559-gpcc7,5,36
18:12:34,33,shippingservice-f956b6d9f-g5j6b,1,15
18:12:34,33,shippingservice-f956b6d9f-m2h7g,2,16
18:12:34,33,shippingservice-f956b6d9f-ml5cg,3,31
18:12:44,34,adservice-574bff445c-2zzqg,6,153
18:12:44,34,adservice-574bff445c-4w7zh,13,213
18:12:44,34,adservice-574bff445c-k5l76,8,275
18:12:44,34,cartservice-db96d6fcc-6kndn,20,131
18:12:44,34,cartservice-db96d6fcc-tsdhc,12,145
18:12:44,34,cartservice-db96d6fcc-x6v6f,8,105
18:12:44,34,checkoutservice-5b6d96c9b7-fwtng,3,37
18:12:44,34,checkoutservice-5b6d96c9b7-lwnbx,1,16
18:12:44,34,checkoutservice-5b6d96c9b7-tvvwl,1,15
18:12:44,34,currencyservice-7c8fc8fc9c-6tsnv,34,104
18:12:44,34,currencyservice-7c8fc8fc9c-rtbz4,14,124
18:12:44,34,currencyservice-7c8fc8fc9c-s92sq,7,75
18:12:44,34,emailservice-66944ff59-62x8j,7,56
18:12:44,34,emailservice-66944ff59-xh284,6,56
18:12:44,34,emailservice-66944ff59-zvg4w,6,56
18:12:44,34,frontend-7bd6f45654-dnhzb,13,43
18:12:44,34,frontend-7bd6f45654-jwp2b,12,21
18:12:44,34,frontend-7bd6f45654-xmsf8,26,21
18:12:44,34,paymentservice-9bfb7bf5-9mdwz,3,126
18:12:44,34,paymentservice-9bfb7bf5-w2dt7,6,69
18:12:44,34,paymentservice-9bfb7bf5-x4kz9,6,66
18:12:44,34,productcatalogservice-65bbf699df-2hv25,3,19
18:12:44,34,productcatalogservice-65bbf699df-8ztwv,8,19
18:12:44,34,productcatalogservice-65bbf699df-d9cxl,10,43
18:12:44,34,recommendationservice-7444754ff5-kk4vc,16,80
18:12:44,34,recommendationservice-7444754ff5-w69fs,16,54
18:12:44,34,recommendationservice-7444754ff5-w769g,4,51
18:12:44,34,redis-cart-c8ff86559-gpcc7,5,36
18:12:44,34,shippingservice-f956b6d9f-g5j6b,1,15
18:12:44,34,shippingservice-f956b6d9f-m2h7g,2,16
18:12:44,34,shippingservice-f956b6d9f-ml5cg,3,31
18:12:54,35,adservice-574bff445c-2zzqg,4,153
18:12:54,35,adservice-574bff445c-4w7zh,14,213
18:12:54,35,adservice-574bff445c-k5l76,8,275
18:12:54,35,cartservice-db96d6fcc-6kndn,10,131
18:12:54,35,cartservice-db96d6fcc-tsdhc,11,145
18:12:54,35,cartservice-db96d6fcc-x6v6f,8,108
18:12:54,35,checkoutservice-5b6d96c9b7-fwtng,4,37
18:12:54,35,checkoutservice-5b6d96c9b7-lwnbx,1,16
18:12:54,35,checkoutservice-5b6d96c9b7-tvvwl,1,15
18:12:54,35,currencyservice-7c8fc8fc9c-6tsnv,28,105
18:12:54,35,currencyservice-7c8fc8fc9c-rtbz4,12,124
18:12:54,35,currencyservice-7c8fc8fc9c-s92sq,4,75
18:12:54,35,emailservice-66944ff59-62x8j,4,56
18:12:54,35,emailservice-66944ff59-xh284,4,56
18:12:54,35,emailservice-66944ff59-zvg4w,5,56
18:12:54,35,frontend-7bd6f45654-dnhzb,11,43
18:12:54,35,frontend-7bd6f45654-jwp2b,13,21
18:12:54,35,frontend-7bd6f45654-xmsf8,17,21
18:12:54,35,paymentservice-9bfb7bf5-9mdwz,3,126
18:12:54,35,paymentservice-9bfb7bf5-w2dt7,4,69
18:12:54,35,paymentservice-9bfb7bf5-x4kz9,3,66
18:12:54,35,productcatalogservice-65bbf699df-2hv25,3,21
18:12:54,35,productcatalogservice-65bbf699df-8ztwv,7,19
18:12:54,35,productcatalogservice-65bbf699df-d9cxl,12,43
18:12:54,35,recommendationservice-7444754ff5-kk4vc,17,80
18:12:54,35,recommendationservice-7444754ff5-w69fs,13,54
18:12:54,35,recommendationservice-7444754ff5-w769g,4,51
18:12:54,35,redis-cart-c8ff86559-gpcc7,3,36
18:12:54,35,shippingservice-f956b6d9f-g5j6b,1,15
18:12:54,35,shippingservice-f956b6d9f-m2h7g,2,16
18:12:54,35,shippingservice-f956b6d9f-ml5cg,2,31
18:13:04,36,adservice-574bff445c-2zzqg,6,153
18:13:04,36,adservice-574bff445c-4w7zh,22,216
18:13:04,36,adservice-574bff445c-k5l76,9,275
18:13:04,36,cartservice-db96d6fcc-6kndn,11,131
18:13:04,36,cartservice-db96d6fcc-tsdhc,10,145
18:13:04,36,cartservice-db96d6fcc-x6v6f,3,108
18:13:04,36,checkoutservice-5b6d96c9b7-fwtng,4,37
18:13:04,36,checkoutservice-5b6d96c9b7-lwnbx,1,16
18:13:04,36,checkoutservice-5b6d96c9b7-tvvwl,1,15
18:13:04,36,currencyservice-7c8fc8fc9c-6tsnv,27,105
18:13:04,36,currencyservice-7c8fc8fc9c-rtbz4,12,124
18:13:04,36,currencyservice-7c8fc8fc9c-s92sq,4,75
18:13:04,36,emailservice-66944ff59-62x8j,4,56
18:13:04,36,emailservice-66944ff59-xh284,4,56
18:13:04,36,emailservice-66944ff59-zvg4w,5,56
18:13:04,36,frontend-7bd6f45654-dnhzb,9,43
18:13:04,36,frontend-7bd6f45654-jwp2b,13,21
18:13:04,36,frontend-7bd6f45654-xmsf8,19,21
18:13:04,36,paymentservice-9bfb7bf5-9mdwz,3,126
18:13:04,36,paymentservice-9bfb7bf5-w2dt7,3,69
18:13:04,36,paymentservice-9bfb7bf5-x4kz9,3,66
18:13:04,36,productcatalogservice-65bbf699df-2hv25,3,21
18:13:04,36,productcatalogservice-65bbf699df-8ztwv,8,19
18:13:04,36,productcatalogservice-65bbf699df-d9cxl,10,43
18:13:04,36,recommendationservice-7444754ff5-kk4vc,15,80
18:13:04,36,recommendationservice-7444754ff5-w69fs,16,54
18:13:04,36,recommendationservice-7444754ff5-w769g,4,51
18:13:04,36,redis-cart-c8ff86559-gpcc7,3,36
18:13:04,36,shippingservice-f956b6d9f-g5j6b,1,15
18:13:04,36,shippingservice-f956b6d9f-m2h7g,2,16
18:13:04,36,shippingservice-f956b6d9f-ml5cg,2,31
18:13:14,37,adservice-574bff445c-2zzqg,6,153
18:13:14,37,adservice-574bff445c-4w7zh,22,216
18:13:14,37,adservice-574bff445c-k5l76,9,275
18:13:14,37,cartservice-db96d6fcc-6kndn,11,131
18:13:14,37,cartservice-db96d6fcc-tsdhc,10,145
18:13:14,37,cartservice-db96d6fcc-x6v6f,3,108
18:13:14,37,checkoutservice-5b6d96c9b7-fwtng,4,37
18:13:14,37,checkoutservice-5b6d96c9b7-lwnbx,1,16
18:13:14,37,checkoutservice-5b6d96c9b7-tvvwl,1,15
18:13:14,37,currencyservice-7c8fc8fc9c-6tsnv,27,105
18:13:14,37,currencyservice-7c8fc8fc9c-rtbz4,12,124
18:13:14,37,currencyservice-7c8fc8fc9c-s92sq,4,75
18:13:14,37,emailservice-66944ff59-62x8j,4,56
18:13:14,37,emailservice-66944ff59-xh284,4,56
18:13:14,37,emailservice-66944ff59-zvg4w,5,56
18:13:14,37,frontend-7bd6f45654-dnhzb,9,43
18:13:14,37,frontend-7bd6f45654-jwp2b,13,21
18:13:14,37,frontend-7bd6f45654-xmsf8,19,21
18:13:14,37,paymentservice-9bfb7bf5-9mdwz,3,126
18:13:14,37,paymentservice-9bfb7bf5-w2dt7,3,69
18:13:14,37,paymentservice-9bfb7bf5-x4kz9,3,66
18:13:14,37,productcatalogservice-65bbf699df-2hv25,3,21
18:13:14,37,productcatalogservice-65bbf699df-8ztwv,8,19
18:13:14,37,productcatalogservice-65bbf699df-d9cxl,10,43
18:13:14,37,recommendationservice-7444754ff5-kk4vc,15,80
18:13:14,37,recommendationservice-7444754ff5-w69fs,16,54
18:13:14,37,recommendationservice-7444754ff5-w769g,4,51
18:13:14,37,redis-cart-c8ff86559-gpcc7,3,36
18:13:14,37,shippingservice-f956b6d9f-g5j6b,1,15
18:13:14,37,shippingservice-f956b6d9f-m2h7g,2,16
18:13:14,37,shippingservice-f956b6d9f-ml5cg,2,31
18:13:24,38,adservice-574bff445c-2zzqg,5,153
18:13:24,38,adservice-574bff445c-4w7zh,4,216
18:13:24,38,adservice-574bff445c-k5l76,2,275
18:13:24,38,cartservice-db96d6fcc-6kndn,4,131
18:13:24,38,cartservice-db96d6fcc-tsdhc,4,145
18:13:24,38,cartservice-db96d6fcc-x6v6f,2,108
18:13:24,38,checkoutservice-5b6d96c9b7-fwtng,1,37
18:13:24,38,checkoutservice-5b6d96c9b7-lwnbx,1,16
18:13:24,38,checkoutservice-5b6d96c9b7-tvvwl,1,15
18:13:24,38,currencyservice-7c8fc8fc9c-6tsnv,4,105
18:13:24,38,currencyservice-7c8fc8fc9c-rtbz4,3,124
18:13:24,38,currencyservice-7c8fc8fc9c-s92sq,2,75
18:13:24,38,emailservice-66944ff59-62x8j,4,56
18:13:24,38,emailservice-66944ff59-xh284,4,56
18:13:24,38,emailservice-66944ff59-zvg4w,4,56
18:13:24,38,frontend-7bd6f45654-dnhzb,3,43
18:13:24,38,frontend-7bd6f45654-jwp2b,3,21
18:13:24,38,frontend-7bd6f45654-xmsf8,3,21
18:13:24,38,paymentservice-9bfb7bf5-9mdwz,2,126
18:13:24,38,paymentservice-9bfb7bf5-w2dt7,2,69
18:13:24,38,paymentservice-9bfb7bf5-x4kz9,1,66
18:13:24,38,productcatalogservice-65bbf699df-2hv25,1,21
18:13:24,38,productcatalogservice-65bbf699df-8ztwv,2,19
18:13:24,38,productcatalogservice-65bbf699df-d9cxl,3,43
18:13:24,38,recommendationservice-7444754ff5-kk4vc,7,80
18:13:24,38,recommendationservice-7444754ff5-w69fs,5,54
18:13:24,38,recommendationservice-7444754ff5-w769g,3,51
18:13:24,38,redis-cart-c8ff86559-gpcc7,4,36
18:13:24,38,shippingservice-f956b6d9f-g5j6b,1,15
18:13:24,38,shippingservice-f956b6d9f-m2h7g,1,16
18:13:24,38,shippingservice-f956b6d9f-ml5cg,2,31
18:13:35,39,adservice-574bff445c-2zzqg,4,156
18:13:35,39,adservice-574bff445c-4w7zh,2,216
18:13:35,39,adservice-574bff445c-k5l76,2,274
18:13:35,39,cartservice-db96d6fcc-6kndn,3,131
18:13:35,39,cartservice-db96d6fcc-tsdhc,2,145
18:13:35,39,cartservice-db96d6fcc-x6v6f,2,108
18:13:35,39,checkoutservice-5b6d96c9b7-fwtng,1,37
18:13:35,39,checkoutservice-5b6d96c9b7-lwnbx,1,16
18:13:35,39,checkoutservice-5b6d96c9b7-tvvwl,1,15
18:13:35,39,currencyservice-7c8fc8fc9c-6tsnv,2,105
18:13:35,39,currencyservice-7c8fc8fc9c-rtbz4,2,124
18:13:35,39,currencyservice-7c8fc8fc9c-s92sq,2,75
18:13:35,39,emailservice-66944ff59-62x8j,4,56
18:13:35,39,emailservice-66944ff59-xh284,4,56
18:13:35,39,emailservice-66944ff59-zvg4w,4,56
18:13:35,39,frontend-7bd6f45654-dnhzb,1,43
18:13:35,39,frontend-7bd6f45654-jwp2b,1,21
18:13:35,39,frontend-7bd6f45654-xmsf8,1,21
18:13:35,39,paymentservice-9bfb7bf5-9mdwz,1,126
18:13:35,39,paymentservice-9bfb7bf5-w2dt7,2,69
18:13:35,39,paymentservice-9bfb7bf5-x4kz9,2,66
18:13:35,39,productcatalogservice-65bbf699df-2hv25,1,21
18:13:35,39,productcatalogservice-65bbf699df-8ztwv,1,19
18:13:35,39,productcatalogservice-65bbf699df-d9cxl,1,43
18:13:35,39,recommendationservice-7444754ff5-kk4vc,4,80
18:13:35,39,recommendationservice-7444754ff5-w69fs,4,54
18:13:35,39,recommendationservice-7444754ff5-w769g,4,51
18:13:35,39,redis-cart-c8ff86559-gpcc7,3,37
18:13:35,39,shippingservice-f956b6d9f-g5j6b,3,16
18:13:35,39,shippingservice-f956b6d9f-m2h7g,3,16
18:13:35,39,shippingservice-f956b6d9f-ml5cg,1,31
18:13:45,40,adservice-574bff445c-2zzqg,4,156
18:13:45,40,adservice-574bff445c-4w7zh,2,216
18:13:45,40,adservice-574bff445c-k5l76,2,274
18:13:45,40,cartservice-db96d6fcc-6kndn,3,131
18:13:45,40,cartservice-db96d6fcc-tsdhc,2,145
18:13:45,40,cartservice-db96d6fcc-x6v6f,2,108
18:13:45,40,checkoutservice-5b6d96c9b7-fwtng,1,37
18:13:45,40,checkoutservice-5b6d96c9b7-lwnbx,1,16
18:13:45,40,checkoutservice-5b6d96c9b7-tvvwl,1,15
18:13:45,40,currencyservice-7c8fc8fc9c-6tsnv,2,105
18:13:45,40,currencyservice-7c8fc8fc9c-rtbz4,2,124
18:13:45,40,currencyservice-7c8fc8fc9c-s92sq,2,75
18:13:45,40,emailservice-66944ff59-62x8j,4,56
18:13:45,40,emailservice-66944ff59-xh284,4,56
18:13:45,40,emailservice-66944ff59-zvg4w,4,56
18:13:45,40,frontend-7bd6f45654-dnhzb,1,43
18:13:45,40,frontend-7bd6f45654-jwp2b,1,21
18:13:45,40,frontend-7bd6f45654-xmsf8,1,21
18:13:45,40,paymentservice-9bfb7bf5-9mdwz,1,126
18:13:45,40,paymentservice-9bfb7bf5-w2dt7,2,69
18:13:45,40,paymentservice-9bfb7bf5-x4kz9,2,66
18:13:45,40,productcatalogservice-65bbf699df-2hv25,1,21
18:13:45,40,productcatalogservice-65bbf699df-8ztwv,1,19
18:13:45,40,productcatalogservice-65bbf699df-d9cxl,1,43
18:13:45,40,recommendationservice-7444754ff5-kk4vc,4,80
18:13:45,40,recommendationservice-7444754ff5-w69fs,4,54
18:13:45,40,recommendationservice-7444754ff5-w769g,4,51
18:13:45,40,redis-cart-c8ff86559-gpcc7,3,37
18:13:45,40,shippingservice-f956b6d9f-g5j6b,3,16
18:13:45,40,shippingservice-f956b6d9f-m2h7g,3,16
18:13:45,40,shippingservice-f956b6d9f-ml5cg,1,31
18:13:55,41,adservice-574bff445c-2zzqg,6,156
18:13:55,41,adservice-574bff445c-4w7zh,3,216
18:13:55,41,adservice-574bff445c-k5l76,1,274
18:13:55,41,cartservice-db96d6fcc-6kndn,4,132
18:13:55,41,cartservice-db96d6fcc-tsdhc,2,145
18:13:55,41,cartservice-db96d6fcc-x6v6f,2,108
18:13:55,41,checkoutservice-5b6d96c9b7-fwtng,2,37
18:13:55,41,checkoutservice-5b6d96c9b7-lwnbx,1,16
18:13:55,41,checkoutservice-5b6d96c9b7-tvvwl,1,15
18:13:55,41,currencyservice-7c8fc8fc9c-6tsnv,3,105
18:13:55,41,currencyservice-7c8fc8fc9c-rtbz4,1,124
18:13:55,41,currencyservice-7c8fc8fc9c-s92sq,2,75
18:13:55,41,emailservice-66944ff59-62x8j,5,56
18:13:55,41,emailservice-66944ff59-xh284,4,56
18:13:55,41,emailservice-66944ff59-zvg4w,4,56
18:13:55,41,frontend-7bd6f45654-dnhzb,1,43
18:13:55,41,frontend-7bd6f45654-jwp2b,1,21
18:13:55,41,frontend-7bd6f45654-xmsf8,1,21
18:13:55,41,paymentservice-9bfb7bf5-9mdwz,2,126
18:13:55,41,paymentservice-9bfb7bf5-w2dt7,3,69
18:13:55,41,paymentservice-9bfb7bf5-x4kz9,2,66
18:13:55,41,productcatalogservice-65bbf699df-2hv25,1,21
18:13:55,41,productcatalogservice-65bbf699df-8ztwv,1,19
18:13:55,41,productcatalogservice-65bbf699df-d9cxl,1,43
18:13:55,41,recommendationservice-7444754ff5-kk4vc,5,80
18:13:55,41,recommendationservice-7444754ff5-w69fs,5,54
18:13:55,41,recommendationservice-7444754ff5-w769g,4,51
18:13:55,41,redis-cart-c8ff86559-gpcc7,3,36
18:13:55,41,shippingservice-f956b6d9f-g5j6b,1,16
18:13:55,41,shippingservice-f956b6d9f-m2h7g,1,16
18:13:55,41,shippingservice-f956b6d9f-ml5cg,1,31
18:14:05,42,adservice-574bff445c-2zzqg,3,156
18:14:05,42,adservice-574bff445c-4w7zh,3,216
18:14:05,42,adservice-574bff445c-k5l76,2,275
18:14:05,42,cartservice-db96d6fcc-6kndn,4,132
18:14:05,42,cartservice-db96d6fcc-tsdhc,3,145
18:14:05,42,cartservice-db96d6fcc-x6v6f,3,108
18:14:05,42,checkoutservice-5b6d96c9b7-fwtng,1,37
18:14:05,42,checkoutservice-5b6d96c9b7-lwnbx,1,16
18:14:05,42,checkoutservice-5b6d96c9b7-tvvwl,1,15
18:14:05,42,currencyservice-7c8fc8fc9c-6tsnv,2,105
18:14:05,42,currencyservice-7c8fc8fc9c-rtbz4,3,124
18:14:05,42,currencyservice-7c8fc8fc9c-s92sq,2,75
18:14:05,42,emailservice-66944ff59-62x8j,4,56
18:14:05,42,emailservice-66944ff59-xh284,4,56
18:14:05,42,emailservice-66944ff59-zvg4w,4,56
18:14:05,42,frontend-7bd6f45654-dnhzb,1,43
18:14:05,42,frontend-7bd6f45654-jwp2b,1,21
18:14:05,42,frontend-7bd6f45654-xmsf8,1,21
18:14:05,42,paymentservice-9bfb7bf5-9mdwz,2,126
18:14:05,42,paymentservice-9bfb7bf5-w2dt7,3,69
18:14:05,42,paymentservice-9bfb7bf5-x4kz9,3,66
18:14:05,42,productcatalogservice-65bbf699df-2hv25,1,21
18:14:05,42,productcatalogservice-65bbf699df-8ztwv,1,19
18:14:05,42,productcatalogservice-65bbf699df-d9cxl,1,43
18:14:05,42,recommendationservice-7444754ff5-kk4vc,5,80
18:14:05,42,recommendationservice-7444754ff5-w69fs,5,54
18:14:05,42,recommendationservice-7444754ff5-w769g,5,51
18:14:05,42,redis-cart-c8ff86559-gpcc7,3,36
18:14:05,42,shippingservice-f956b6d9f-g5j6b,1,16
18:14:05,42,shippingservice-f956b6d9f-m2h7g,1,16
18:14:05,42,shippingservice-f956b6d9f-ml5cg,1,31
18:14:15,43,adservice-574bff445c-2zzqg,5,156
18:14:15,43,adservice-574bff445c-4w7zh,8,216
18:14:15,43,adservice-574bff445c-k5l76,7,275
18:14:15,43,cartservice-db96d6fcc-6kndn,6,132
18:14:15,43,cartservice-db96d6fcc-tsdhc,9,145
18:14:15,43,cartservice-db96d6fcc-x6v6f,4,108
18:14:15,43,checkoutservice-5b6d96c9b7-fwtng,2,37
18:14:15,43,checkoutservice-5b6d96c9b7-lwnbx,1,16
18:14:15,43,checkoutservice-5b6d96c9b7-tvvwl,3,15
18:14:15,43,currencyservice-7c8fc8fc9c-6tsnv,11,106
18:14:15,43,currencyservice-7c8fc8fc9c-rtbz4,10,124
18:14:15,43,currencyservice-7c8fc8fc9c-s92sq,3,75
18:14:15,43,emailservice-66944ff59-62x8j,4,56
18:14:15,43,emailservice-66944ff59-xh284,4,56
18:14:15,43,emailservice-66944ff59-zvg4w,5,56
18:14:15,43,frontend-7bd6f45654-dnhzb,10,43
18:14:15,43,frontend-7bd6f45654-jwp2b,5,21
18:14:15,43,frontend-7bd6f45654-xmsf8,10,21
18:14:15,43,paymentservice-9bfb7bf5-9mdwz,3,126
18:14:15,43,paymentservice-9bfb7bf5-w2dt7,2,69
18:14:15,43,paymentservice-9bfb7bf5-x4kz9,2,66
18:14:15,43,productcatalogservice-65bbf699df-2hv25,3,21
18:14:15,43,productcatalogservice-65bbf699df-8ztwv,4,19
18:14:15,43,productcatalogservice-65bbf699df-d9cxl,6,43
18:14:15,43,recommendationservice-7444754ff5-kk4vc,12,80
18:14:15,43,recommendationservice-7444754ff5-w69fs,9,54
18:14:15,43,recommendationservice-7444754ff5-w769g,5,51
18:14:15,43,redis-cart-c8ff86559-gpcc7,5,36
18:14:15,43,shippingservice-f956b6d9f-g5j6b,1,16
18:14:15,43,shippingservice-f956b6d9f-m2h7g,1,16
18:14:15,43,shippingservice-f956b6d9f-ml5cg,2,31
18:14:25,44,adservice-574bff445c-2zzqg,5,156
18:14:25,44,adservice-574bff445c-4w7zh,8,216
18:14:25,44,adservice-574bff445c-k5l76,7,275
18:14:25,44,cartservice-db96d6fcc-6kndn,6,132
18:14:25,44,cartservice-db96d6fcc-tsdhc,9,145
18:14:25,44,cartservice-db96d6fcc-x6v6f,4,108
18:14:25,44,checkoutservice-5b6d96c9b7-fwtng,2,37
18:14:25,44,checkoutservice-5b6d96c9b7-lwnbx,1,16
18:14:25,44,checkoutservice-5b6d96c9b7-tvvwl,3,15
18:14:25,44,currencyservice-7c8fc8fc9c-6tsnv,11,106
18:14:25,44,currencyservice-7c8fc8fc9c-rtbz4,10,124
18:14:25,44,currencyservice-7c8fc8fc9c-s92sq,3,75
18:14:25,44,emailservice-66944ff59-62x8j,4,56
18:14:25,44,emailservice-66944ff59-xh284,4,56
18:14:25,44,emailservice-66944ff59-zvg4w,5,56
18:14:25,44,frontend-7bd6f45654-dnhzb,10,43
18:14:25,44,frontend-7bd6f45654-jwp2b,5,21
18:14:25,44,frontend-7bd6f45654-xmsf8,10,21
18:14:25,44,paymentservice-9bfb7bf5-9mdwz,3,126
18:14:25,44,paymentservice-9bfb7bf5-w2dt7,2,69
18:14:25,44,paymentservice-9bfb7bf5-x4kz9,2,66
18:14:25,44,productcatalogservice-65bbf699df-2hv25,3,21
18:14:25,44,productcatalogservice-65bbf699df-8ztwv,4,19
18:14:25,44,productcatalogservice-65bbf699df-d9cxl,6,43
18:14:25,44,recommendationservice-7444754ff5-kk4vc,12,80
18:14:25,44,recommendationservice-7444754ff5-w69fs,9,54
18:14:25,44,recommendationservice-7444754ff5-w769g,5,51
18:14:25,44,redis-cart-c8ff86559-gpcc7,5,36
18:14:25,44,shippingservice-f956b6d9f-g5j6b,1,16
18:14:25,44,shippingservice-f956b6d9f-m2h7g,1,16
18:14:25,44,shippingservice-f956b6d9f-ml5cg,2,31
18:14:36,45,adservice-574bff445c-2zzqg,8,156
18:14:36,45,adservice-574bff445c-4w7zh,15,216
18:14:36,45,adservice-574bff445c-k5l76,9,275
18:14:36,45,cartservice-db96d6fcc-6kndn,10,132
18:14:36,45,cartservice-db96d6fcc-tsdhc,15,145
18:14:36,45,cartservice-db96d6fcc-x6v6f,3,108
18:14:36,45,checkoutservice-5b6d96c9b7-fwtng,3,37
18:14:36,45,checkoutservice-5b6d96c9b7-lwnbx,1,16
18:14:36,45,checkoutservice-5b6d96c9b7-tvvwl,1,15
18:14:36,45,currencyservice-7c8fc8fc9c-6tsnv,24,106
18:14:36,45,currencyservice-7c8fc8fc9c-rtbz4,21,124
18:14:36,45,currencyservice-7c8fc8fc9c-s92sq,3,75
18:14:36,45,emailservice-66944ff59-62x8j,4,56
18:14:36,45,emailservice-66944ff59-xh284,4,56
18:14:36,45,emailservice-66944ff59-zvg4w,5,56
18:14:36,45,frontend-7bd6f45654-dnhzb,24,43
18:14:36,45,frontend-7bd6f45654-jwp2b,9,21
18:14:36,45,frontend-7bd6f45654-xmsf8,18,21
18:14:36,45,paymentservice-9bfb7bf5-9mdwz,3,126
18:14:36,45,paymentservice-9bfb7bf5-w2dt7,3,69
18:14:36,45,paymentservice-9bfb7bf5-x4kz9,3,66
18:14:36,45,productcatalogservice-65bbf699df-2hv25,2,21
18:14:36,45,productcatalogservice-65bbf699df-8ztwv,7,19
18:14:36,45,productcatalogservice-65bbf699df-d9cxl,13,43
18:14:36,45,recommendationservice-7444754ff5-kk4vc,20,80
18:14:36,45,recommendationservice-7444754ff5-w69fs,13,54
18:14:36,45,recommendationservice-7444754ff5-w769g,4,51
18:14:36,45,redis-cart-c8ff86559-gpcc7,4,36
18:14:36,45,shippingservice-f956b6d9f-g5j6b,1,16
18:14:36,45,shippingservice-f956b6d9f-m2h7g,2,16
18:14:36,45,shippingservice-f956b6d9f-ml5cg,3,31
18:14:46,46,adservice-574bff445c-2zzqg,9,156
18:14:46,46,adservice-574bff445c-4w7zh,17,219
18:14:46,46,adservice-574bff445c-k5l76,7,275
18:14:46,46,cartservice-db96d6fcc-6kndn,7,132
18:14:46,46,cartservice-db96d6fcc-tsdhc,12,145
18:14:46,46,cartservice-db96d6fcc-x6v6f,3,108
18:14:46,46,checkoutservice-5b6d96c9b7-fwtng,3,37
18:14:46,46,checkoutservice-5b6d96c9b7-lwnbx,1,16
18:14:46,46,checkoutservice-5b6d96c9b7-tvvwl,1,15
18:14:46,46,currencyservice-7c8fc8fc9c-6tsnv,20,106
18:14:46,46,currencyservice-7c8fc8fc9c-rtbz4,13,124
18:14:46,46,currencyservice-7c8fc8fc9c-s92sq,2,75
18:14:46,46,emailservice-66944ff59-62x8j,4,56
18:14:46,46,emailservice-66944ff59-xh284,4,56
18:14:46,46,emailservice-66944ff59-zvg4w,5,56
18:14:46,46,frontend-7bd6f45654-dnhzb,15,43
18:14:46,46,frontend-7bd6f45654-jwp2b,13,21
18:14:46,46,frontend-7bd6f45654-xmsf8,10,21
18:14:46,46,paymentservice-9bfb7bf5-9mdwz,4,126
18:14:46,46,paymentservice-9bfb7bf5-w2dt7,3,69
18:14:46,46,paymentservice-9bfb7bf5-x4kz9,2,66
18:14:46,46,productcatalogservice-65bbf699df-2hv25,2,21
18:14:46,46,productcatalogservice-65bbf699df-8ztwv,5,19
18:14:46,46,productcatalogservice-65bbf699df-d9cxl,12,43
18:14:46,46,recommendationservice-7444754ff5-kk4vc,22,80
18:14:46,46,recommendationservice-7444754ff5-w69fs,11,54
18:14:46,46,recommendationservice-7444754ff5-w769g,4,51
18:14:46,46,redis-cart-c8ff86559-gpcc7,4,36
18:14:46,46,shippingservice-f956b6d9f-g5j6b,1,16
18:14:46,46,shippingservice-f956b6d9f-m2h7g,2,16
18:14:46,46,shippingservice-f956b6d9f-ml5cg,4,31
18:14:56,47,adservice-574bff445c-2zzqg,9,156
18:14:56,47,adservice-574bff445c-4w7zh,17,219
18:14:56,47,adservice-574bff445c-k5l76,7,275
18:14:56,47,cartservice-db96d6fcc-6kndn,7,132
18:14:56,47,cartservice-db96d6fcc-tsdhc,12,145
18:14:56,47,cartservice-db96d6fcc-x6v6f,3,108
18:14:56,47,checkoutservice-5b6d96c9b7-fwtng,3,37
18:14:56,47,checkoutservice-5b6d96c9b7-lwnbx,1,16
18:14:56,47,checkoutservice-5b6d96c9b7-tvvwl,1,15
18:14:56,47,currencyservice-7c8fc8fc9c-6tsnv,20,106
18:14:56,47,currencyservice-7c8fc8fc9c-rtbz4,13,124
18:14:56,47,currencyservice-7c8fc8fc9c-s92sq,2,75
18:14:56,47,emailservice-66944ff59-62x8j,4,56
18:14:56,47,emailservice-66944ff59-xh284,4,56
18:14:56,47,emailservice-66944ff59-zvg4w,5,56
18:14:56,47,frontend-7bd6f45654-dnhzb,15,43
18:14:56,47,frontend-7bd6f45654-jwp2b,13,21
18:14:56,47,frontend-7bd6f45654-xmsf8,10,21
18:14:56,47,paymentservice-9bfb7bf5-9mdwz,4,126
18:14:56,47,paymentservice-9bfb7bf5-w2dt7,3,69
18:14:56,47,paymentservice-9bfb7bf5-x4kz9,2,66
18:14:56,47,productcatalogservice-65bbf699df-2hv25,2,21
18:14:56,47,productcatalogservice-65bbf699df-8ztwv,5,19
18:14:56,47,productcatalogservice-65bbf699df-d9cxl,12,43
18:14:56,47,recommendationservice-7444754ff5-kk4vc,22,80
18:14:56,47,recommendationservice-7444754ff5-w69fs,11,54
18:14:56,47,recommendationservice-7444754ff5-w769g,4,51
18:14:56,47,redis-cart-c8ff86559-gpcc7,4,36
18:14:56,47,shippingservice-f956b6d9f-g5j6b,1,16
18:14:56,47,shippingservice-f956b6d9f-m2h7g,2,16
18:14:56,47,shippingservice-f956b6d9f-ml5cg,4,31
18:15:06,48,adservice-574bff445c-2zzqg,5,156
18:15:06,48,adservice-574bff445c-4w7zh,20,219
18:15:06,48,adservice-574bff445c-k5l76,9,275
18:15:06,48,cartservice-db96d6fcc-6kndn,8,132
18:15:06,48,cartservice-db96d6fcc-tsdhc,14,145
18:15:06,48,cartservice-db96d6fcc-x6v6f,2,108
18:15:06,48,checkoutservice-5b6d96c9b7-fwtng,3,37
18:15:06,48,checkoutservice-5b6d96c9b7-lwnbx,1,16
18:15:06,48,checkoutservice-5b6d96c9b7-tvvwl,1,15
18:15:06,48,currencyservice-7c8fc8fc9c-6tsnv,28,107
18:15:06,48,currencyservice-7c8fc8fc9c-rtbz4,17,125
18:15:06,48,currencyservice-7c8fc8fc9c-s92sq,2,75
18:15:06,48,emailservice-66944ff59-62x8j,4,56
18:15:06,48,emailservice-66944ff59-xh284,3,56
18:15:06,48,emailservice-66944ff59-zvg4w,5,56
18:15:06,48,frontend-7bd6f45654-dnhzb,17,43
18:15:06,48,frontend-7bd6f45654-jwp2b,17,21
18:15:06,48,frontend-7bd6f45654-xmsf8,15,22
18:15:06,48,paymentservice-9bfb7bf5-9mdwz,2,126
18:15:06,48,paymentservice-9bfb7bf5-w2dt7,3,69
18:15:06,48,paymentservice-9bfb7bf5-x4kz9,3,66
18:15:06,48,productcatalogservice-65bbf699df-2hv25,2,21
18:15:06,48,productcatalogservice-65bbf699df-8ztwv,6,19
18:15:06,48,productcatalogservice-65bbf699df-d9cxl,15,43
18:15:06,48,recommendationservice-7444754ff5-kk4vc,23,80
18:15:06,48,recommendationservice-7444754ff5-w69fs,12,54
18:15:06,48,recommendationservice-7444754ff5-w769g,3,51
18:15:06,48,redis-cart-c8ff86559-gpcc7,4,36
18:15:06,48,shippingservice-f956b6d9f-g5j6b,1,16
18:15:06,48,shippingservice-f956b6d9f-m2h7g,2,16
18:15:06,48,shippingservice-f956b6d9f-ml5cg,2,31
18:15:16,49,adservice-574bff445c-2zzqg,4,156
18:15:16,49,adservice-574bff445c-4w7zh,23,222
18:15:16,49,adservice-574bff445c-k5l76,13,275
18:15:16,49,cartservice-db96d6fcc-6kndn,9,132
18:15:16,49,cartservice-db96d6fcc-tsdhc,16,145
18:15:16,49,cartservice-db96d6fcc-x6v6f,3,108
18:15:16,49,checkoutservice-5b6d96c9b7-fwtng,3,37
18:15:16,49,checkoutservice-5b6d96c9b7-lwnbx,1,16
18:15:16,49,checkoutservice-5b6d96c9b7-tvvwl,1,15
18:15:16,49,currencyservice-7c8fc8fc9c-6tsnv,25,107
18:15:16,49,currencyservice-7c8fc8fc9c-rtbz4,17,125
18:15:16,49,currencyservice-7c8fc8fc9c-s92sq,6,75
18:15:16,49,emailservice-66944ff59-62x8j,6,56
18:15:16,49,emailservice-66944ff59-xh284,4,56
18:15:16,49,emailservice-66944ff59-zvg4w,5,56
18:15:16,49,frontend-7bd6f45654-dnhzb,17,43
18:15:16,49,frontend-7bd6f45654-jwp2b,18,21
18:15:16,49,frontend-7bd6f45654-xmsf8,14,22
18:15:16,49,paymentservice-9bfb7bf5-9mdwz,3,126
18:15:16,49,paymentservice-9bfb7bf5-w2dt7,3,69
18:15:16,49,paymentservice-9bfb7bf5-x4kz9,3,66
18:15:16,49,productcatalogservice-65bbf699df-2hv25,3,21
18:15:16,49,productcatalogservice-65bbf699df-8ztwv,6,19
18:15:16,49,productcatalogservice-65bbf699df-d9cxl,15,43
18:15:16,49,recommendationservice-7444754ff5-kk4vc,23,80
18:15:16,49,recommendationservice-7444754ff5-w69fs,13,54
18:15:16,49,recommendationservice-7444754ff5-w769g,4,51
18:15:16,49,redis-cart-c8ff86559-gpcc7,4,36
18:15:16,49,shippingservice-f956b6d9f-g5j6b,2,16
18:15:16,49,shippingservice-f956b6d9f-m2h7g,2,16
18:15:16,49,shippingservice-f956b6d9f-ml5cg,2,31
18:15:26,50,adservice-574bff445c-2zzqg,4,156
18:15:26,50,adservice-574bff445c-4w7zh,23,222
18:15:26,50,adservice-574bff445c-k5l76,13,275
18:15:26,50,cartservice-db96d6fcc-6kndn,9,132
18:15:26,50,cartservice-db96d6fcc-tsdhc,16,145
18:15:26,50,cartservice-db96d6fcc-x6v6f,3,108
18:15:26,50,checkoutservice-5b6d96c9b7-fwtng,3,37
18:15:26,50,checkoutservice-5b6d96c9b7-lwnbx,1,16
18:15:26,50,checkoutservice-5b6d96c9b7-tvvwl,1,15
18:15:26,50,currencyservice-7c8fc8fc9c-6tsnv,25,107
18:15:26,50,currencyservice-7c8fc8fc9c-rtbz4,17,125
18:15:26,50,currencyservice-7c8fc8fc9c-s92sq,6,75
18:15:26,50,emailservice-66944ff59-62x8j,6,56
18:15:26,50,emailservice-66944ff59-xh284,4,56
18:15:26,50,emailservice-66944ff59-zvg4w,5,56
18:15:26,50,frontend-7bd6f45654-dnhzb,17,43
18:15:26,50,frontend-7bd6f45654-jwp2b,18,21
18:15:26,50,frontend-7bd6f45654-xmsf8,14,22
18:15:26,50,paymentservice-9bfb7bf5-9mdwz,3,126
18:15:26,50,paymentservice-9bfb7bf5-w2dt7,3,69
18:15:26,50,paymentservice-9bfb7bf5-x4kz9,3,66
18:15:26,50,productcatalogservice-65bbf699df-2hv25,3,21
18:15:26,50,productcatalogservice-65bbf699df-8ztwv,6,19
18:15:26,50,productcatalogservice-65bbf699df-d9cxl,15,43
18:15:26,50,recommendationservice-7444754ff5-kk4vc,23,80
18:15:26,50,recommendationservice-7444754ff5-w69fs,13,54
18:15:26,50,recommendationservice-7444754ff5-w769g,4,51
18:15:26,50,redis-cart-c8ff86559-gpcc7,4,36
18:15:26,50,shippingservice-f956b6d9f-g5j6b,2,16
18:15:26,50,shippingservice-f956b6d9f-m2h7g,2,16
18:15:26,50,shippingservice-f956b6d9f-ml5cg,2,31
18:15:36,51,adservice-574bff445c-2zzqg,3,156
18:15:36,51,adservice-574bff445c-4w7zh,18,225
18:15:36,51,adservice-574bff445c-k5l76,8,275
18:15:36,51,cartservice-db96d6fcc-6kndn,8,132
18:15:36,51,cartservice-db96d6fcc-tsdhc,12,145
18:15:36,51,cartservice-db96d6fcc-x6v6f,2,108
18:15:36,51,checkoutservice-5b6d96c9b7-fwtng,4,37
18:15:36,51,checkoutservice-5b6d96c9b7-lwnbx,1,16
18:15:36,51,checkoutservice-5b6d96c9b7-tvvwl,1,15
18:15:36,51,currencyservice-7c8fc8fc9c-6tsnv,24,108
18:15:36,51,currencyservice-7c8fc8fc9c-rtbz4,16,125
18:15:36,51,currencyservice-7c8fc8fc9c-s92sq,3,75
18:15:36,51,emailservice-66944ff59-62x8j,4,56
18:15:36,51,emailservice-66944ff59-xh284,4,56
18:15:36,51,emailservice-66944ff59-zvg4w,4,56
18:15:36,51,frontend-7bd6f45654-dnhzb,16,43
18:15:36,51,frontend-7bd6f45654-jwp2b,15,21
18:15:36,51,frontend-7bd6f45654-xmsf8,16,22
18:15:36,51,paymentservice-9bfb7bf5-9mdwz,2,126
18:15:36,51,paymentservice-9bfb7bf5-w2dt7,3,69
18:15:36,51,paymentservice-9bfb7bf5-x4kz9,3,66
18:15:36,51,productcatalogservice-65bbf699df-2hv25,3,21
18:15:36,51,productcatalogservice-65bbf699df-8ztwv,6,19
18:15:36,51,productcatalogservice-65bbf699df-d9cxl,12,43
18:15:36,51,recommendationservice-7444754ff5-kk4vc,19,80
18:15:36,51,recommendationservice-7444754ff5-w69fs,13,54
18:15:36,51,recommendationservice-7444754ff5-w769g,4,51
18:15:36,51,redis-cart-c8ff86559-gpcc7,3,36
18:15:36,51,shippingservice-f956b6d9f-g5j6b,2,16
18:15:36,51,shippingservice-f956b6d9f-m2h7g,2,16
18:15:36,51,shippingservice-f956b6d9f-ml5cg,2,31
18:15:47,52,adservice-574bff445c-2zzqg,3,156
18:15:47,52,adservice-574bff445c-4w7zh,16,225
18:15:47,52,adservice-574bff445c-k5l76,8,275
18:15:47,52,cartservice-db96d6fcc-6kndn,10,132
18:15:47,52,cartservice-db96d6fcc-tsdhc,14,145
18:15:47,52,cartservice-db96d6fcc-x6v6f,3,108
18:15:47,52,checkoutservice-5b6d96c9b7-fwtng,3,38
18:15:47,52,checkoutservice-5b6d96c9b7-lwnbx,1,16
18:15:47,52,checkoutservice-5b6d96c9b7-tvvwl,1,15
18:15:47,52,currencyservice-7c8fc8fc9c-6tsnv,27,108
18:15:47,52,currencyservice-7c8fc8fc9c-rtbz4,15,125
18:15:47,52,currencyservice-7c8fc8fc9c-s92sq,3,75
18:15:47,52,emailservice-66944ff59-62x8j,4,56
18:15:47,52,emailservice-66944ff59-xh284,4,56
18:15:47,52,emailservice-66944ff59-zvg4w,6,56
18:15:47,52,frontend-7bd6f45654-dnhzb,17,43
18:15:47,52,frontend-7bd6f45654-jwp2b,16,21
18:15:47,52,frontend-7bd6f45654-xmsf8,14,22
18:15:47,52,paymentservice-9bfb7bf5-9mdwz,2,126
18:15:47,52,paymentservice-9bfb7bf5-w2dt7,2,69
18:15:47,52,paymentservice-9bfb7bf5-x4kz9,1,66
18:15:47,52,productcatalogservice-65bbf699df-2hv25,2,21
18:15:47,52,productcatalogservice-65bbf699df-8ztwv,5,19
18:15:47,52,productcatalogservice-65bbf699df-d9cxl,15,43
18:15:47,52,recommendationservice-7444754ff5-kk4vc,23,80
18:15:47,52,recommendationservice-7444754ff5-w69fs,10,54
18:15:47,52,recommendationservice-7444754ff5-w769g,4,51
18:15:47,52,redis-cart-c8ff86559-gpcc7,4,36
18:15:47,52,shippingservice-f956b6d9f-g5j6b,1,16
18:15:47,52,shippingservice-f956b6d9f-m2h7g,2,16
18:15:47,52,shippingservice-f956b6d9f-ml5cg,2,31
18:15:57,53,adservice-574bff445c-2zzqg,3,156
18:15:57,53,adservice-574bff445c-4w7zh,16,225
18:15:57,53,adservice-574bff445c-k5l76,8,275
18:15:57,53,cartservice-db96d6fcc-6kndn,10,132
18:15:57,53,cartservice-db96d6fcc-tsdhc,14,145
18:15:57,53,cartservice-db96d6fcc-x6v6f,3,108
18:15:57,53,checkoutservice-5b6d96c9b7-fwtng,3,38
18:15:57,53,checkoutservice-5b6d96c9b7-lwnbx,1,16
18:15:57,53,checkoutservice-5b6d96c9b7-tvvwl,1,15
18:15:57,53,currencyservice-7c8fc8fc9c-6tsnv,27,108
18:15:57,53,currencyservice-7c8fc8fc9c-rtbz4,15,125
18:15:57,53,currencyservice-7c8fc8fc9c-s92sq,3,75
18:15:57,53,emailservice-66944ff59-62x8j,4,56
18:15:57,53,emailservice-66944ff59-xh284,4,56
18:15:57,53,emailservice-66944ff59-zvg4w,6,56
18:15:57,53,frontend-7bd6f45654-dnhzb,17,43
18:15:57,53,frontend-7bd6f45654-jwp2b,16,21
18:15:57,53,frontend-7bd6f45654-xmsf8,14,22
18:15:57,53,paymentservice-9bfb7bf5-9mdwz,2,126
18:15:57,53,paymentservice-9bfb7bf5-w2dt7,2,69
18:15:57,53,paymentservice-9bfb7bf5-x4kz9,1,66
18:15:57,53,productcatalogservice-65bbf699df-2hv25,2,21
18:15:57,53,productcatalogservice-65bbf699df-8ztwv,5,19
18:15:57,53,productcatalogservice-65bbf699df-d9cxl,15,43
18:15:57,53,recommendationservice-7444754ff5-kk4vc,23,80
18:15:57,53,recommendationservice-7444754ff5-w69fs,10,54
18:15:57,53,recommendationservice-7444754ff5-w769g,4,51
18:15:57,53,redis-cart-c8ff86559-gpcc7,4,36
18:15:57,53,shippingservice-f956b6d9f-g5j6b,1,16
18:15:57,53,shippingservice-f956b6d9f-m2h7g,2,16
18:15:57,53,shippingservice-f956b6d9f-ml5cg,2,31
18:16:07,54,adservice-574bff445c-2zzqg,5,157
18:16:07,54,adservice-574bff445c-4w7zh,10,225
18:16:07,54,adservice-574bff445c-k5l76,10,275
18:16:07,54,cartservice-db96d6fcc-6kndn,8,132
18:16:07,54,cartservice-db96d6fcc-tsdhc,15,145
18:16:07,54,cartservice-db96d6fcc-x6v6f,2,108
18:16:07,54,checkoutservice-5b6d96c9b7-fwtng,3,37
18:16:07,54,checkoutservice-5b6d96c9b7-lwnbx,1,16
18:16:07,54,checkoutservice-5b6d96c9b7-tvvwl,1,15
18:16:07,54,currencyservice-7c8fc8fc9c-6tsnv,30,109
18:16:07,54,currencyservice-7c8fc8fc9c-rtbz4,17,125
18:16:07,54,currencyservice-7c8fc8fc9c-s92sq,2,75
18:16:07,54,emailservice-66944ff59-62x8j,4,56
18:16:07,54,emailservice-66944ff59-xh284,4,56
18:16:07,54,emailservice-66944ff59-zvg4w,5,56
18:16:07,54,frontend-7bd6f45654-dnhzb,18,43
18:16:07,54,frontend-7bd6f45654-jwp2b,16,21
18:16:07,54,frontend-7bd6f45654-xmsf8,17,22
18:16:07,54,paymentservice-9bfb7bf5-9mdwz,3,126
18:16:07,54,paymentservice-9bfb7bf5-w2dt7,2,69
18:16:07,54,paymentservice-9bfb7bf5-x4kz9,3,66
18:16:07,54,productcatalogservice-65bbf699df-2hv25,2,21
18:16:07,54,productcatalogservice-65bbf699df-8ztwv,7,19
18:16:07,54,productcatalogservice-65bbf699df-d9cxl,14,43
18:16:07,54,recommendationservice-7444754ff5-kk4vc,22,80
18:16:07,54,recommendationservice-7444754ff5-w69fs,12,54
18:16:07,54,recommendationservice-7444754ff5-w769g,4,51
18:16:07,54,redis-cart-c8ff86559-gpcc7,4,36
18:16:07,54,shippingservice-f956b6d9f-g5j6b,1,16
18:16:07,54,shippingservice-f956b6d9f-m2h7g,2,16
18:16:07,54,shippingservice-f956b6d9f-ml5cg,2,31
18:16:17,55,adservice-574bff445c-2zzqg,4,157
18:16:17,55,adservice-574bff445c-4w7zh,23,233
18:16:17,55,adservice-574bff445c-k5l76,9,275
18:16:17,55,cartservice-db96d6fcc-6kndn,7,132
18:16:17,55,cartservice-db96d6fcc-tsdhc,16,145
18:16:17,55,cartservice-db96d6fcc-x6v6f,2,108
18:16:17,55,checkoutservice-5b6d96c9b7-fwtng,2,37
18:16:17,55,checkoutservice-5b6d96c9b7-lwnbx,1,16
18:16:17,55,checkoutservice-5b6d96c9b7-tvvwl,1,15
18:16:17,55,currencyservice-7c8fc8fc9c-6tsnv,28,109
18:16:17,55,currencyservice-7c8fc8fc9c-rtbz4,19,125
18:16:17,55,currencyservice-7c8fc8fc9c-s92sq,3,75
18:16:17,55,emailservice-66944ff59-62x8j,4,56
18:16:17,55,emailservice-66944ff59-xh284,3,56
18:16:17,55,emailservice-66944ff59-zvg4w,5,56
18:16:17,55,frontend-7bd6f45654-dnhzb,22,43
18:16:17,55,frontend-7bd6f45654-jwp2b,18,21
18:16:17,55,frontend-7bd6f45654-xmsf8,16,22
18:16:17,55,paymentservice-9bfb7bf5-9mdwz,3,126
18:16:17,55,paymentservice-9bfb7bf5-w2dt7,3,69
18:16:17,55,paymentservice-9bfb7bf5-x4kz9,2,66
18:16:17,55,productcatalogservice-65bbf699df-2hv25,2,21
18:16:17,55,productcatalogservice-65bbf699df-8ztwv,5,19
18:16:17,55,productcatalogservice-65bbf699df-d9cxl,16,43
18:16:17,55,recommendationservice-7444754ff5-kk4vc,24,80
18:16:17,55,recommendationservice-7444754ff5-w69fs,10,54
18:16:17,55,recommendationservice-7444754ff5-w769g,4,51
18:16:17,55,redis-cart-c8ff86559-gpcc7,4,36
18:16:17,55,shippingservice-f956b6d9f-g5j6b,1,16
18:16:17,55,shippingservice-f956b6d9f-m2h7g,2,16
18:16:17,55,shippingservice-f956b6d9f-ml5cg,3,31
18:16:27,56,adservice-574bff445c-2zzqg,4,157
18:16:27,56,adservice-574bff445c-4w7zh,23,233
18:16:27,56,adservice-574bff445c-k5l76,9,275
18:16:27,56,cartservice-db96d6fcc-6kndn,7,132
18:16:27,56,cartservice-db96d6fcc-tsdhc,16,145
18:16:27,56,cartservice-db96d6fcc-x6v6f,2,108
18:16:27,56,checkoutservice-5b6d96c9b7-fwtng,2,37
18:16:27,56,checkoutservice-5b6d96c9b7-lwnbx,1,16
18:16:27,56,checkoutservice-5b6d96c9b7-tvvwl,1,15
18:16:27,56,currencyservice-7c8fc8fc9c-6tsnv,28,109
18:16:27,56,currencyservice-7c8fc8fc9c-rtbz4,19,125
18:16:27,56,currencyservice-7c8fc8fc9c-s92sq,3,75
18:16:27,56,emailservice-66944ff59-62x8j,4,56
18:16:27,56,emailservice-66944ff59-xh284,3,56
18:16:27,56,emailservice-66944ff59-zvg4w,5,56
18:16:27,56,frontend-7bd6f45654-dnhzb,22,43
18:16:27,56,frontend-7bd6f45654-jwp2b,18,21
18:16:27,56,frontend-7bd6f45654-xmsf8,16,22
18:16:27,56,paymentservice-9bfb7bf5-9mdwz,3,126
18:16:27,56,paymentservice-9bfb7bf5-w2dt7,3,69
18:16:27,56,paymentservice-9bfb7bf5-x4kz9,2,66
18:16:27,56,productcatalogservice-65bbf699df-2hv25,2,21
18:16:27,56,productcatalogservice-65bbf699df-8ztwv,5,19
18:16:27,56,productcatalogservice-65bbf699df-d9cxl,16,43
18:16:27,56,recommendationservice-7444754ff5-kk4vc,24,80
18:16:27,56,recommendationservice-7444754ff5-w69fs,10,54
18:16:27,56,recommendationservice-7444754ff5-w769g,4,51
18:16:27,56,redis-cart-c8ff86559-gpcc7,4,36
18:16:27,56,shippingservice-f956b6d9f-g5j6b,1,16
18:16:27,56,shippingservice-f956b6d9f-m2h7g,2,16
18:16:27,56,shippingservice-f956b6d9f-ml5cg,3,31
